root_iterativeID	n_MAGs	genus	K00023	K00362	K00363	K00368	K00370	K00371	K00374	K00376	K00626	K00634	K00688	K00700	K00702	K00703	K00925	K00937	K01214	K01514	K01659	K01720	K01847	K01848	K01895	K01908	K02035	K02036	K02037	K02038	K02039	K02040	K02305	K02567	K02568	K03385	K03821	K04561	K05973	K07636	K07657	K15864	K15876	K22468
Competibacter	3	Competibacter	211.2968	478.8949	255.5583	0.0000	504.3250	742.7847	264.0573	15.5532	925.7337	175.7941	518.4026	810.7138	218.5638	55.3962	163.0495	573.2311	435.5293	0.0000	0.0000	25.1826	1475.1581	117.5310	1091.1793	35.7028	0.0000	267.3328	193.1250	182.2355	515.3595	316.3863	450.4518	0.0000	0.0000	0.0000	1034.0714	243.8397	0.0000	158.8731	274.5596	19.0223	0.0000	0.0000
Accumulibacter	7	Accumulibacter	94.8826	112.7194	184.8918	0.0000	0.0000	0.0000	0.0000	73.9474	409.6256	71.1304	425.8424	188.4942	0.0000	115.8197	82.0082	167.0769	246.0107	0.0000	88.3846	70.5270	77.6781	85.3538	154.0419	70.4954	0.0000	106.5374	86.9662	89.4993	158.0733	225.5924	0.0000	68.3764	123.8660	0.0000	428.7124	71.9599	178.4126	89.7743	174.8622	278.8719	0.0000	315.7927
Thauera	1	Thauera	205.4958	28.9973	117.9382	0.0000	0.0000	0.0000	0.0000	35.1639	134.3463	0.0000	73.8090	34.0149	0.0000	50.8267	112.1227	58.4241	63.9908	0.0000	0.0000	0.0000	32.8627	0.0000	74.1666	44.7601	47.7585	68.0332	54.7443	58.9813	67.5278	50.2251	104.8357	32.1899	99.9299	0.0000	101.8769	45.3797	51.4634	44.8392	71.9477	73.1129	0.0000	50.0280
Leptovillus	2	Leptovillus	0.0000	0.0000	44.5417	147.4545	0.0000	0.0000	0.0000	91.4482	135.6442	0.0000	22.8374	38.4339	123.1646	37.9769	17.8340	52.0478	29.0255	0.0000	0.0000	0.0000	0.3383	18.3249	13.9522	24.3134	345.6361	118.1138	59.3450	41.0641	132.6548	128.2674	20.8942	0.0000	0.0000	17.7355	15.6672	0.0000	0.0000	35.8453	65.8843	0.5150	21.7587	31.7696
Ignavibacteria	6		0.0000	0.0000	0.8892	0.4517	0.0000	0.0000	0.0000	43.6052	49.2137	0.0000	22.1694	23.1453	0.0000	29.3559	1.2096	24.8456	0.0000	0.0000	0.0000	0.0000	31.6814	45.8124	55.0536	0.0000	264.8723	32.3774	113.5125	21.0765	43.4467	78.0279	0.0000	0.0000	0.0000	378.9847	0.0000	1.2388	0.0000	43.7610	46.7570	0.0000	68.4589	32.9808
Ancalomicrobiaceae	2	JAEULV01	40.5341	76.6936	21.3573	0.0000	0.0000	0.0000	0.0000	20.5271	142.7800	48.5360	17.2175	17.8149	0.5466	20.8600	38.8021	23.0109	0.0000	0.0000	0.0000	0.0000	36.0226	0.0000	135.2547	19.8032	175.3047	25.0856	23.4479	30.6195	21.8252	35.0350	25.6020	17.1134	56.6530	0.0000	50.8927	34.4543	72.2388	74.5221	38.2674	31.5596	0.0000	62.1775
Niveibacterium	1	Niveibacterium	0.6449	1.0472	0.7070	0.0000	0.0000	0.0000	0.0000	0.2238	34.0421	127.7328	0.8045	0.7284	0.7590	0.1475	148.7714	94.1598	0.9212	0.0000	0.0000	0.0000	0.1618	0.0000	0.3752	0.1948	0.4660	180.9708	149.3026	157.4848	0.3845	303.6236	0.2509	0.9038	0.0000	0.0000	0.8581	0.4921	0.0000	0.2304	0.4277	0.5935	0.0000	0.6254
Competibacter_A	3	Competibacter_A	4.8275	2.7587	10.2849	0.0000	5.1395	18.3368	43.4135	4.7902	16.4961	9.7865	7.7810	61.5926	3.4987	12.7061	316.5772	7.6053	105.7103	0.0000	0.0000	0.0000	17.6545	10.0822	6.2278	11.2143	3.7609	15.8313	11.5601	15.7711	10.2845	41.1507	4.6718	0.0000	0.0000	0.0000	38.8747	7.2098	0.0000	10.6799	5.2669	197.1907	0.0000	33.4915
Azonexus	4	Azonexus	20.8699	12.1577	31.4559	0.0000	0.0000	0.0000	0.0000	15.4002	84.3567	0.0000	8.7917	10.9319	0.1869	10.5584	65.2931	26.3633	8.3325	0.0000	0.0000	0.0000	11.2806	0.0000	32.5872	12.2743	0.0000	2.5953	3.5624	3.3668	2.7451	29.3805	1.4178	15.8165	30.5560	0.0000	114.0211	1.5934	0.0000	2.9019	2.6718	20.7511	0.0000	40.7318
Ca_Competibacter	1	JARSSO01	2.1371	0.4695	0.6663	0.0000	2.1890	201.8920	4.9304	1.0171	58.5620	3.3621	0.7468	31.4559	0.5871	82.7300	0.9551	5.3744	1.6097	0.0000	0.0000	0.0000	2.5988	0.8045	1.2109	0.9400	0.0000	0.7752	0.8947	0.6768	1.7699	0.7960	1.4188	0.0000	0.0000	0.0000	2.9654	1.7722	0.0000	45.8247	85.5080	1.8726	0.0000	0.0000
Terrimonas	2	JJ008	0.0000	0.0000	0.0000	0.0000	0.0000	0.0000	0.0000	33.6029	26.0990	0.0000	38.9323	37.0462	0.0000	101.2435	9.2939	12.4315	0.0000	0.0000	0.0000	0.0000	0.0000	29.8274	19.6560	25.3674	0.0000	0.0000	0.0000	0.0000	0.0000	36.6968	0.0000	0.0000	0.0000	0.0000	0.0000	0.0000	0.0000	107.9748	0.0000	0.0000	0.0000	10.6166
Lysobacter	1	SCMT01	21.8654	0.0000	0.0000	0.0000	0.0000	0.0000	0.0000	0.0000	35.6004	0.0000	9.9017	8.4898	0.0000	0.0000	0.0000	16.4260	35.7731	0.0000	20.6686	0.0000	0.0000	0.0000	62.0623	22.3761	9.0546	8.7883	5.8877	12.1201	36.7662	19.1663	0.0000	0.0000	0.0000	0.0000	13.5592	11.8127	11.4624	15.1201	13.4468	24.2503	0.0000	11.9459
Desulfobacillus	2	Desulfobacillus	18.5823	12.7454	8.0183	0.0000	0.0402	0.0736	0.0000	10.4067	71.7481	0.0000	8.5332	6.5995	0.0000	7.4498	13.2744	6.6044	9.3822	0.0000	0.0000	0.0000	23.6845	12.8399	49.6905	8.7808	0.0000	9.7641	11.0826	9.0026	9.7789	6.8237	0.0000	10.6039	9.1624	0.0000	28.0533	1.6484	5.5820	11.1053	10.8043	25.2039	0.0000	0.0000
Giesbergeria	2	Giesbergeria	8.3926	19.1822	4.2836	0.0000	2.9043	5.6585	9.4846	3.7456	57.1007	11.4369	0.0000	0.0000	0.0000	0.0000	5.9044	15.1842	0.0000	0.0000	6.1820	0.0000	0.2904	0.0000	7.9077	5.1899	67.4972	9.4299	9.7112	9.9041	6.0172	24.0598	5.3179	0.2494	0.4827	0.0000	8.3980	12.4198	11.8375	24.9448	5.9150	14.3872	0.0000	0.5195
Zoogloea	3	Zoogloea	14.8428	15.5067	9.6629	0.0000	0.0000	0.0000	0.0000	11.7430	39.9522	0.0000	0.5595	0.0000	0.0000	0.5341	14.6112	5.8674	0.0000	0.0000	2.4637	3.5614	4.5856	0.0000	8.1630	3.8161	2.1034	4.7866	8.6656	9.2505	9.4985	8.6401	19.4579	7.0215	10.7693	0.0000	56.2650	5.4949	8.5472	4.6491	7.3586	4.1824	0.0000	5.2004
Ca_Sarcinithrix	1	JAAEKA01	0.0000	0.0000	0.0000	17.9369	0.0000	0.0000	0.0000	11.9922	27.2685	0.0000	8.9816	5.6258	12.9024	0.0000	0.0000	38.9544	6.4369	0.0000	0.0000	0.0000	0.0000	26.4215	11.1684	0.0000	25.5766	12.5302	15.8824	10.6676	13.1378	17.1482	8.2224	0.0000	0.0000	3.1736	0.0000	0.0000	0.0000	16.6228	5.6456	0.0000	7.1803	2.7685
Bosea	2	JAIUNP01	7.0500	2.2933	9.1178	1.7628	0.0000	0.0000	0.0000	2.1042	13.0376	0.0000	7.6729	3.9284	0.0000	3.0265	2.3466	3.6655	0.0000	0.0000	0.0000	1.6958	7.5752	0.0000	12.2824	2.7757	94.4103	5.5200	3.7927	5.1214	7.5710	17.3670	4.8308	2.4083	6.7965	0.0000	10.2867	4.8132	3.7210	8.0445	9.7739	1.9760	0.0000	4.6597
Anaerolineae	2	JAAEKA01	0.0000	0.0000	0.0000	14.6698	0.7090	0.0000	0.4827	11.4632	21.9132	0.0000	9.8545	0.6073	5.8510	7.1588	0.0000	4.7566	4.9869	0.0000	0.0000	0.0000	0.5757	5.1813	9.8350	0.0000	23.8466	20.3706	12.4062	15.8719	12.1198	14.6292	3.8577	0.0000	0.0000	5.8385	0.0000	0.0000	0.0000	13.1957	15.4717	0.0000	10.5284	6.1897
Azospira_A	2	Azospira_A	16.7428	6.6728	13.9242	0.0000	0.0000	0.0000	0.0000	3.8377	21.2897	4.8936	0.0000	0.0000	0.0000	0.0000	3.6384	3.3068	0.0000	0.0000	0.0000	0.0000	3.1003	0.0000	10.0238	4.5361	0.0000	5.9317	5.5213	5.5643	6.6055	10.4719	10.1851	5.0727	9.2033	0.0000	22.4152	4.1895	0.0000	4.7210	9.4345	8.9894	0.0000	10.0577
Beijerinckiaceae	3		2.1011	7.2486	4.9762	0.0000	0.0000	0.0000	0.0000	1.3340	19.0246	0.9403	2.7979	4.3166	0.0000	3.2974	0.2234	4.9418	2.5955	0.0000	0.0000	0.0000	21.5681	0.0000	16.3955	3.8608	9.9909	5.7770	4.6988	5.2608	6.1473	5.1164	0.4442	13.0640	6.7471	0.0000	15.9538	8.9668	5.7156	0.6602	5.9548	0.2109	0.0000	4.7031
Villigracilis	4	Villigracilis	0.0000	1.1354	3.0039	9.5597	6.2911	2.8710	3.2272	0.0000	14.5110	2.3170	5.1848	2.8676	1.1286	2.5901	0.0000	3.9394	0.0000	0.0000	0.0000	1.2836	4.2172	9.8477	5.7941	0.2955	30.8182	10.5268	9.9261	8.1224	2.4562	13.4680	0.0000	0.0000	0.0000	4.3135	0.0000	0.0000	0.0000	11.6800	5.2805	1.3896	6.2939	2.0352
Phototrophicaceae	8	CFX2	0.7286	0.0000	0.0000	9.9214	0.0000	3.1728	0.0000	0.9364	25.3850	0.9371	4.0231	1.8271	0.0000	2.6073	0.0000	2.6755	0.9657	0.0000	0.0000	0.0000	1.0321	7.7469	3.1475	0.0000	46.1124	6.8422	11.9435	9.2867	0.0000	6.0395	0.6416	0.0000	0.0000	3.7481	0.0000	0.0000	0.0000	9.3462	12.2492	0.4073	3.1330	0.5669
Thermoanaerobaculia	3	UBA5066	0.3504	0.1324	0.0000	0.0000	0.2132	0.3826	0.2858	9.5865	6.2847	0.0000	3.7614	0.0000	1.9293	3.7718	2.9597	2.6366	2.8910	0.0000	0.0000	0.0000	0.1114	20.1735	7.3099	1.8756	10.6586	9.7024	6.1548	5.7237	1.8278	8.1301	0.0000	0.0000	0.0000	11.6434	0.0000	5.7955	0.0000	12.1041	5.3248	0.0000	3.8566	3.2782
Ignavibacteriaceae	3	JAEXTR01	0.0000	0.0000	0.0000	0.0000	0.0000	0.0000	0.0000	9.2897	5.7413	0.0000	6.8039	3.9549	3.6076	5.7767	2.7210	3.9783	3.3317	0.0000	0.0000	2.5461	5.0219	4.7308	8.3635	0.0000	0.0902	4.4144	5.7888	3.8256	4.3482	7.3736	0.0000	0.0000	0.0000	19.2606	0.0000	0.0000	0.0000	28.3842	0.0000	0.0000	1.1672	0.0000
Pseudoxanthomonas_A	2	Pseudoxanthomonas_A	36.3460	0.0000	0.0000	1.8978	0.0000	0.0000	0.0000	0.0000	7.9956	0.0000	0.0000	0.0000	0.0000	0.0000	0.0000	6.7126	0.0000	0.0000	1.4161	0.0000	0.0000	0.0000	2.9222	2.5638	0.0000	3.9630	2.0032	2.8093	3.4715	3.7730	0.0000	10.4416	28.5146	0.0000	5.7596	1.3182	2.1722	4.8271	2.4351	0.0000	0.0000	0.0000
Mesorhizobium	2	DUSC01	9.7204	0.0000	0.0000	2.9783	1.5500	1.8106	2.0618	1.9918	17.6642	0.0000	1.7994	1.3071	0.0000	2.1267	0.0000	2.0436	0.3694	0.0000	0.0000	0.0000	3.8587	0.5213	9.0919	3.2337	26.4110	3.0105	2.8558	2.9654	6.1727	4.4125	0.0000	0.0000	0.0000	0.0000	3.8673	0.0000	5.4953	1.5869	3.6035	0.0000	0.0000	6.5565
Saprospiraceae	2	M3007	0.8788	0.0000	0.0000	3.2426	3.4135	0.7758	1.9898	4.1523	3.0732	0.0000	5.9320	8.4259	0.0000	9.4364	0.4435	4.8507	0.0000	0.0000	0.0000	0.0000	5.9116	0.0000	1.7207	0.0000	12.6305	3.6796	2.4584	2.5728	6.6372	7.2500	1.9459	0.0000	0.0000	0.0000	0.0000	3.0487	0.0000	13.9557	0.0000	0.0000	0.0000	0.0000
Caldilinea	2	Caldilinea	0.0000	0.0000	2.3225	7.9945	0.0000	0.0000	0.0000	4.0831	10.4817	0.0000	4.7311	4.9858	0.0000	1.5505	0.0000	2.2562	1.3883	0.0000	0.0000	0.0000	5.4569	5.0934	8.2988	0.3904	26.4255	1.8722	2.3894	3.1211	1.3019	4.1722	0.0000	0.0000	0.0000	1.6210	0.0000	0.0000	0.0000	4.6754	2.0517	0.0000	0.8598	0.0000
Flexifilum	4	Flexifilum	0.0000	0.0000	0.0000	3.4616	0.0000	0.0000	0.0000	0.0000	12.9089	0.0000	1.3106	0.9511	2.0113	2.0358	0.0000	2.1570	2.8115	0.0000	0.0000	0.0000	0.7182	2.8595	2.8082	0.0000	33.2507	1.6325	2.5129	4.5782	0.0000	2.6729	1.1668	0.0000	0.0000	0.7458	0.3965	1.2052	0.0000	7.3381	7.9062	1.1984	1.3384	0.9146
Ottowia	1	Ottowia	2.7652	0.8936	1.0696	0.0000	1.0281	1.7361	1.2238	0.0000	11.6027	4.0093	0.0000	0.0000	0.0000	0.0000	1.5855	2.2924	0.0000	0.0000	1.7505	0.0000	0.9121	0.0000	0.8365	1.3988	12.9581	1.1393	1.2877	1.1568	1.5063	0.9357	2.0249	0.0000	0.0000	0.0000	29.2359	2.4367	4.4939	1.7805	1.7562	2.3984	0.0000	2.4481
Anaerolineaceae	4	JARKPB01	0.0000	2.4179	3.3185	1.5590	0.1971	0.3599	0.7870	0.4368	5.1197	0.0000	0.9509	1.6394	0.8769	2.9718	1.1888	0.7759	0.2101	0.0000	0.0000	0.0000	2.1853	3.5645	4.5110	0.0000	18.8438	7.5780	4.0748	6.1458	2.1323	3.5605	3.2528	0.0000	0.0000	1.1322	0.0000	0.0000	0.0000	3.0346	3.3628	2.4669	2.2275	5.4345
Dokdonella	5	Dokdonella	1.7380	0.0000	0.0000	3.7434	1.5817	0.9092	0.9726	0.0000	7.6141	0.2404	0.0000	0.0000	0.0000	0.0000	2.3769	2.7904	0.0000	0.0000	1.1113	0.9283	0.0000	0.0000	4.2064	0.4446	0.0000	6.8904	6.7804	6.2102	7.0627	10.9184	0.0000	0.0000	0.0000	0.0000	3.1494	2.4251	9.7891	6.0778	6.8394	1.0390	0.0000	0.0000
Pseudoxanthomonas	1	Pseudoxanthomonas	17.1553	0.0000	0.0000	0.0000	0.0000	0.0000	0.0000	0.0000	0.0000	0.0000	0.0000	0.0000	0.0000	0.0000	0.0000	0.0000	0.0000	0.0000	0.0000	0.0000	0.0000	0.0000	0.0000	0.0000	0.0000	6.2383	12.3694	14.5725	8.4010	22.6016	0.0000	0.0000	0.0000	0.0000	0.0000	11.2313	0.0000	0.0000	0.0000	0.0000	0.0000	0.0000
Gracilibacteria	2	UBA5532	0.0000	0.0000	0.0000	0.0000	0.0000	0.0000	0.0000	0.0000	0.0000	0.0000	0.0000	0.0000	0.0000	0.0000	0.0000	0.0000	0.0000	0.0000	0.0000	0.0000	0.0000	0.0000	0.0000	0.0000	0.0000	0.0000	0.0000	0.0000	0.0000	0.0000	0.0000	0.0000	0.0000	0.0000	0.0000	0.0000	0.0000	0.0000	0.0000	0.0000	0.0000	87.1975
Phycisphaeraceae	6	JAFEBO01	0.0000	0.0000	1.5387	0.0000	0.0000	0.0000	0.0000	3.0517	5.9713	0.0000	2.5131	4.8441	1.8865	0.3291	0.2256	3.8548	0.0000	1.1552	1.3668	2.8030	8.0268	1.9235	4.9218	0.0000	3.2277	3.4417	2.8147	3.3436	7.7731	2.8886	0.3527	0.0000	0.0000	5.2310	0.0000	0.0000	0.0000	1.5532	3.6484	0.0000	5.8525	0.0000
Rhodothermaceae	2	BA12	0.0000	0.0000	0.0000	0.0000	0.0000	0.0000	0.0000	1.1545	3.6952	0.0000	5.0085	8.3529	0.0000	2.4877	0.0000	4.5225	6.0068	0.0000	0.1303	0.0000	4.7017	0.0000	7.3780	0.0000	0.0000	5.5586	2.6659	1.9230	5.6502	10.1531	0.0000	0.0000	0.0000	0.0000	0.0000	0.0000	0.0000	2.7784	4.0641	0.0000	0.0000	5.9285
Rhodobacter	2	JAAKGP01	1.4890	0.0000	0.0000	0.7395	0.0000	0.0000	0.0000	0.8728	9.4757	1.4741	1.6828	0.4518	0.0000	0.8123	3.0277	1.7281	2.5054	0.0000	0.0000	0.0000	2.4565	0.0000	2.9879	0.7473	16.1568	1.7457	1.0441	1.4881	7.1532	2.6007	1.8555	0.0000	0.0000	0.0000	2.0352	2.9484	2.2687	1.1969	0.8407	1.2459	0.0000	6.6824
Hydrogenophaga	3	Hydrogenophaga	2.2730	3.3958	3.2258	0.0000	2.1925	1.9199	0.9869	0.4860	11.4183	0.0000	0.9566	1.3795	0.0000	1.1987	0.0000	4.5375	1.1175	0.0000	0.0000	0.0000	3.2952	0.0000	5.9268	1.1878	2.8290	2.3665	1.8503	2.1777	2.8137	1.6777	1.3375	0.0000	0.0000	0.0000	2.2763	2.4139	2.4302	1.8871	2.9703	2.9064	0.0000	3.0485
Myxococcaceae	2	JAEUJQ01	0.6719	1.3242	0.9174	3.0633	1.9703	1.8701	0.0000	0.6866	7.7939	0.7267	2.7956	2.5694	0.0000	7.6071	0.9890	1.8494	1.5314	0.0000	0.0000	0.0000	1.0290	2.8381	0.7077	0.0000	4.6595	1.3739	0.7562	1.2160	1.4224	2.2593	1.3070	0.0000	0.0000	1.9356	3.0785	1.0235	0.0000	6.5826	6.6271	0.0000	3.5878	0.8093
Ignavibacterium	3	UTCHB3	0.0000	0.0000	0.0000	0.0000	0.0000	0.0000	0.0000	3.1192	3.5986	0.0000	3.6959	2.4545	0.4130	8.2322	3.3827	3.6506	2.4294	0.0000	0.0000	1.1192	6.4749	2.6265	6.0676	0.0000	1.1397	1.6842	1.7169	1.7056	2.3211	3.7312	0.0000	0.0000	0.0000	4.2940	0.0000	0.0000	0.0000	3.2714	0.0000	0.0000	6.1863	0.4597
Defluviicoccus	2	Defluviicoccus	1.9431	0.5616	0.0000	0.0000	0.0000	0.0000	0.0000	0.5453	1.6166	1.3040	1.0384	6.7699	0.0000	1.2369	1.3494	1.5770	2.4295	0.0000	0.0000	0.0000	3.0790	0.0000	10.6215	2.0652	2.2028	2.6513	4.2534	2.4220	1.7407	7.5744	0.5430	0.0000	0.0000	0.0000	3.8010	0.6022	1.7912	2.2821	3.5135	2.3986	0.0000	0.0000
Flavipsychrobacter	6	Flavipsychrobacter	7.4865	0.0000	0.0000	10.6097	0.0000	0.0000	0.0000	4.6448	5.9659	0.0000	0.8490	0.1374	0.0000	4.5895	0.0000	3.2491	0.3345	0.0000	0.0000	0.0000	0.0000	2.0946	3.2761	0.2865	1.3474	0.2596	0.1828	0.2532	0.2896	4.4935	6.3934	0.0000	0.0000	0.0000	5.3252	3.2988	0.0000	5.2994	0.0000	0.0000	0.0000	0.0000
Sphingobacteriales	5	UBA2475	3.9004	0.0000	0.0000	4.4415	0.0000	0.0000	0.0000	4.5295	3.9855	0.0000	0.0000	0.0000	0.0000	3.2863	0.0000	1.5351	0.0000	0.0000	0.0000	0.0000	2.3473	4.8477	2.8150	1.2930	4.8537	1.8783	3.9051	3.5048	1.9361	4.0360	2.5113	0.0000	0.0000	0.0000	1.9672	2.5079	0.0000	8.0978	0.0000	0.0000	0.0000	0.0000
Phaeodactylibacter	1	UBA2329	2.6171	0.0000	0.0000	2.2794	0.0000	0.0000	0.0000	1.9267	2.5744	0.0000	2.8849	1.7255	0.0000	5.8661	0.0000	1.9636	1.6146	0.0000	0.0000	0.0000	8.8779	0.0000	1.7501	1.7091	2.6592	0.0000	0.0000	0.0000	0.0000	0.0000	6.1338	0.0000	0.0000	0.0000	2.4960	6.0575	0.0000	9.5130	0.0000	0.0000	0.0000	3.1827
Rhodobacteraceae	1	JAAKGP01	1.3143	0.0000	0.0000	0.0000	0.0000	0.0000	0.0000	1.2901	4.8146	1.1594	0.6351	0.6901	0.0000	0.6983	0.9025	0.5341	0.5187	0.0000	0.0000	0.0000	0.6842	0.0000	5.3305	0.7976	21.3147	1.4732	1.5788	1.3690	2.1890	2.5601	1.1531	0.0000	0.0000	0.0000	4.8129	0.5648	1.0507	1.0473	0.9109	1.2276	0.0000	4.8468
Rhodoplanes	1	SCUB01	1.0326	2.2904	0.0000	0.0000	0.0000	0.0000	6.2962	1.6598	7.5838	0.0000	2.1490	1.4481	0.0000	4.9650	0.0000	1.1163	0.0000	0.0000	0.0000	0.0000	4.1398	3.1391	4.2924	0.8633	1.2068	1.2235	1.2857	1.1958	1.5975	1.2923	0.0000	3.3510	0.9000	0.0000	2.1776	0.0000	1.2544	1.4616	1.6233	3.6807	0.0000	0.9237
Phreatobacter	2	Phreatobacter	1.6084	0.7266	0.0000	0.1320	1.4142	1.4655	1.8036	0.0000	6.8172	0.0000	0.0000	0.0000	0.0000	0.0000	0.0000	1.3313	0.0000	0.0000	0.0000	0.0000	0.8917	0.0000	6.9270	4.8042	22.2496	0.9817	0.6973	1.1955	1.0475	1.5927	0.0000	0.0000	0.0000	0.0000	1.4313	0.0000	1.7886	0.8250	1.1939	0.0000	0.0000	0.8786
Micavibrionaceae	3	UBA1573	20.9292	0.0000	0.0000	0.0000	0.2389	0.4345	0.5742	0.0000	0.7994	0.6917	0.0000	0.0000	0.0000	0.0000	20.8578	0.0000	0.0000	0.0000	0.0000	0.0000	0.0000	0.0000	0.6100	0.0000	1.1977	0.0000	0.0000	0.0000	0.0000	0.0000	0.0000	0.0000	0.0000	0.0000	12.2637	0.0000	0.4231	0.0000	0.0000	0.0000	0.0000	0.0000
Aggregatilineales	1	UBA2796	0.0000	0.0000	0.0000	1.1097	0.0000	0.0000	0.0000	3.6584	0.6883	0.0000	1.3747	3.2313	1.8585	3.0700	0.0000	3.3920	2.6530	0.0000	0.0000	0.0000	0.9180	2.3914	1.0511	0.0000	9.7711	1.5417	0.8006	0.7638	3.9903	2.4819	3.1681	0.0000	0.0000	1.2973	0.0000	0.0000	0.0000	3.1709	3.2115	0.0000	0.4994	0.8996
Dokdonella_A	1	Dokdonella_A	1.4298	0.0000	0.0000	1.0807	0.0000	0.0000	0.0000	0.0000	0.6801	29.0232	0.0000	0.0000	0.0000	0.0000	10.8808	0.8627	0.0000	0.0000	0.5645	0.3159	0.0000	0.0000	0.2175	0.0000	0.0000	0.7526	0.5522	0.6220	0.9051	0.9241	0.6307	0.0000	0.0000	0.0000	0.7174	0.7718	0.2955	0.4538	0.8185	0.2530	0.0000	0.4402
Flavobacteriales	2	PHOS-HE28	1.8665	0.0000	5.6941	2.4206	0.0000	0.0000	0.0000	3.3193	1.8915	0.0000	0.0000	0.0000	0.0000	1.8239	0.0000	3.9517	0.0000	0.0000	0.0000	0.0000	1.0410	0.0000	6.0760	0.0000	0.1407	0.0000	0.0000	0.0000	0.0000	0.1730	1.8780	0.0000	0.0000	0.0000	0.0000	4.4940	0.0000	11.3878	0.0000	0.0000	0.0000	2.1150
Chiayiivirga	3	Chiayiivirga	3.3091	0.0000	0.0000	3.8251	1.9218	2.2791	1.4139	0.0000	3.3913	3.3353	0.0000	0.0000	0.0000	0.0000	9.8819	1.0814	0.0000	0.0000	1.6748	1.6468	0.0000	0.0000	1.7175	0.1041	0.0000	0.0000	0.0000	0.0000	0.0000	0.1102	0.2497	0.0000	0.0000	0.0000	1.3200	2.4987	1.3805	2.1337	1.1107	1.6807	0.0000	2.1852
Flavobacterium	2	Flavobacterium	0.0000	0.0000	0.0000	0.0000	0.0000	0.0000	0.0000	2.1722	1.9545	0.0000	0.0000	5.1027	0.0000	5.0586	0.0000	1.9052	0.0000	0.0000	0.0000	0.0000	8.4486	0.0000	6.9207	3.6019	0.9203	0.0000	0.0000	0.0000	0.0000	2.1382	0.0000	0.0000	0.0000	0.0000	0.0000	1.5649	0.0000	7.1950	0.0000	0.0000	0.0000	0.0000
Micropepsaceae	2	JADZAI01	1.3557	0.0000	0.0000	0.0000	0.0000	0.0000	0.0000	0.0000	11.6468	0.0000	0.0000	0.0000	0.0000	0.0000	0.0000	0.9845	0.0000	0.0000	0.0000	0.0000	2.8416	0.0000	1.0321	0.0000	6.0505	1.5639	0.8271	2.2535	1.9124	1.8984	0.0000	0.0000	0.0000	0.0000	3.4760	0.6419	1.3601	2.4257	2.4769	0.0000	0.0000	0.3629
Bacteroidales	3	UBA5072	0.5073	0.0000	0.0000	2.4253	0.4546	0.0000	0.1803	0.0000	1.2039	1.1792	0.9999	1.5637	0.8769	1.2585	1.0729	1.7409	0.0000	0.0000	0.3678	0.0000	3.4622	0.2599	0.9520	0.0000	1.9286	0.8863	0.8739	0.9693	0.4344	3.6232	0.9228	0.0000	0.0000	1.1429	0.0000	2.6561	0.0000	6.0334	0.9729	0.0000	1.7455	2.3871
Bacteroidia	3	2-12-FULL-35-15	0.9778	0.0000	0.0000	5.7632	0.0000	0.0000	0.0000	6.2776	2.1679	0.0000	1.1245	1.0602	0.0000	1.5107	0.0000	1.8381	0.0000	0.0000	0.0000	0.0000	4.1935	0.3606	5.4637	0.0000	2.5645	0.0000	0.0000	0.0000	0.0000	1.4437	1.4545	0.0000	0.0000	0.0000	0.0000	1.7127	0.0000	4.4875	0.0000	0.0000	0.0000	0.0000
Elusimicrobia	1	JADKHR01	0.0000	0.0000	0.0000	0.0000	0.0000	0.0000	0.0000	0.0000	0.0000	0.0000	2.9175	0.7538	1.2762	0.7534	0.0000	1.6936	0.6794	0.0000	0.0000	0.0000	0.0000	0.0000	0.0000	0.0000	2.1119	5.6071	3.2716	3.2410	1.1445	5.1251	1.5581	0.0000	0.0000	1.3184	0.0000	4.5407	0.0000	0.0000	4.4460	0.0000	1.5617	0.0000
Fuscibacter	1	Fuscibacter	0.8234	1.2295	0.6428	0.6320	0.0000	0.0000	0.0000	0.4556	6.5339	0.9091	0.9488	0.4542	0.0000	0.7343	1.0803	0.5743	0.5139	0.0000	0.0000	0.0000	4.5916	0.0000	2.3318	1.5688	7.0101	0.3703	0.8598	0.3811	0.3598	1.7609	0.4912	0.0000	0.0000	0.0000	0.4249	0.6508	0.7027	1.0018	0.5005	0.0000	0.0000	2.6283
Rhabdaerophilum	1	Rhabdaerophilum	1.3650	0.8776	0.6469	0.0000	1.2741	0.7622	1.1522	0.0000	3.1790	0.0000	0.0000	0.0000	0.0000	0.0000	0.0000	3.2180	0.0000	0.0000	0.0000	0.0000	1.3414	0.0000	3.0576	0.6582	12.8080	0.8114	0.8082	0.9930	0.8045	0.8998	0.0000	0.0000	0.0000	0.0000	0.6701	0.0000	1.0188	1.0169	1.4589	0.0000	0.0000	2.3220
Chelatococcus	1	Chelatococcus	0.3291	0.2769	0.2607	0.0000	0.0000	0.0000	0.0000	0.2615	4.2944	3.8903	0.0000	0.2194	0.0000	0.1221	3.5723	0.2275	0.2163	0.0000	0.0000	0.0000	0.2878	0.0000	0.2428	0.0000	19.1525	0.3620	0.3544	0.3342	0.3094	0.9713	0.0000	0.0000	0.0000	0.0000	2.6243	0.0000	0.3953	0.3724	0.6502	0.0000	0.0000	0.2845
Brevundimonas	3	Brevundimonas	1.1603	0.0000	0.0000	0.0000	0.8783	0.9449	1.9886	0.0000	13.6661	0.0000	0.0000	0.0000	0.0000	0.0000	0.0000	4.5303	0.0000	0.0000	0.0000	0.0000	1.1756	0.0000	1.7664	0.0000	0.0000	1.2644	0.6893	0.9218	2.4390	0.8045	0.0000	0.0000	0.0000	0.0000	1.2627	1.4948	1.1449	1.1604	1.2472	0.0000	0.0000	1.1955
Gemmobacter	1	Gemmobacter	0.6896	0.3478	1.3576	0.0000	0.0000	0.0000	0.0000	0.4392	5.4892	1.0371	0.9757	0.9363	0.0000	0.9403	1.3409	0.4589	0.2064	0.0000	0.0000	0.0000	0.7889	0.0000	3.2528	0.4131	8.0349	0.8010	1.0074	0.7137	1.0344	1.0996	1.0956	0.0000	0.0000	0.0000	1.2385	0.5092	0.4117	0.5871	0.8786	0.3202	0.0000	2.6510
Villigracilaceae	2	UBA5195	0.0000	1.4511	1.4767	2.0588	0.3351	0.0000	0.3351	0.0000	4.1601	0.0000	0.6545	0.0000	0.9072	0.4978	0.0000	0.3491	0.6714	0.0000	0.0000	0.0000	0.3548	0.6680	1.9752	0.0000	4.7657	2.7125	1.6946	2.7877	2.6492	2.0669	0.0000	0.0000	0.0000	0.9894	0.0000	0.0000	0.0000	1.4709	1.4046	2.1157	0.4027	0.0000
Pseudohoeflea	1	Pseudohoeflea	0.5679	0.0000	0.0000	0.1303	0.0000	0.0000	0.0000	0.0000	3.3761	2.8078	1.9486	0.4472	0.0000	0.2800	1.1872	0.2849	0.0000	0.0000	0.0000	0.0000	0.3254	0.0000	0.8141	0.2151	13.6004	0.3394	0.1041	0.6236	0.4525	0.1646	0.0576	1.0511	0.6389	0.0000	0.3448	0.6136	4.2747	0.7306	0.5037	0.7802	0.0000	0.6219
Mesorhizobium_A	2	Mesorhizobium_A	1.5526	0.0000	0.0000	1.2293	0.2399	0.4563	0.3313	0.4173	3.8682	0.0000	0.7826	0.4038	0.0000	0.0958	0.4234	0.4973	0.0000	0.0000	0.0000	0.0000	0.6190	0.0000	4.4165	0.7343	10.3016	2.6459	0.6536	0.8716	1.6903	0.7158	0.0000	0.0000	0.0000	0.0000	1.1467	0.0000	0.4759	0.6064	1.0583	0.0000	0.0000	0.8077
Inhella	2	Inhella	1.1533	0.4010	0.6515	0.0000	0.3210	0.4846	1.0299	0.4932	5.1716	0.2659	0.4008	0.0000	0.1696	0.5548	0.3172	0.6652	0.7503	0.0000	0.0000	0.0000	0.4014	0.0000	1.6850	1.1077	3.4901	1.0925	1.0117	1.1912	1.2446	1.0882	1.0198	1.1845	1.8802	0.0000	1.9509	0.3989	0.7084	0.6944	1.3962	0.6724	0.0000	1.4405
Mesorhizobium_I	1	Mesorhizobium_I	1.1575	0.0000	0.0000	1.3380	0.1962	0.0000	0.4983	0.4331	4.5435	0.0000	0.6623	0.6667	0.0000	0.3206	0.4699	1.6777	0.0000	0.0000	0.0000	0.0000	1.0817	0.3558	4.0030	0.2732	7.5653	1.3165	0.6974	0.8616	1.8739	0.8789	0.0000	0.3700	0.5533	0.0000	0.4644	0.0000	0.7490	0.3811	1.1963	0.0000	0.0000	1.5972
Amaricoccus	1	Amaricoccus	0.6508	0.3021	1.5516	1.1663	0.0000	0.0000	0.0000	0.8489	2.7052	0.7608	0.3811	0.6221	0.0000	0.2553	0.3694	0.3265	1.3165	0.0000	0.0000	0.0000	0.6979	0.0000	2.7071	0.2834	2.4477	1.7951	0.9902	1.4002	0.9511	2.4662	0.8158	0.0000	0.0000	0.0000	1.7232	0.5091	1.9778	0.5263	0.5888	0.0000	0.0000	4.4562
Holophaga	2	Holophaga	0.0000	0.5822	0.0000	0.0000	0.0000	0.0000	0.0000	0.0000	2.4013	1.0619	1.3180	1.7190	0.0000	2.1284	0.7367	0.5491	0.2110	0.0000	0.0000	0.0000	0.9487	0.0000	0.7565	0.2989	1.2590	2.2304	0.8376	2.4803	2.7492	2.8237	0.0000	0.0000	0.0000	0.5975	0.0000	1.6445	0.0000	3.2206	0.3697	0.0000	2.9797	0.3095
Leadbetterella	1	Leadbetterella	0.0000	0.0000	0.0000	0.0000	0.0000	0.0000	0.0000	3.0960	5.6269	0.0000	1.2996	1.8807	0.0000	1.2438	1.3939	1.7453	0.0000	0.0000	0.0000	0.0000	1.0513	2.5795	1.2831	1.1617	0.0000	0.0000	0.0000	0.0000	0.0000	1.7273	0.0000	0.0000	0.0000	0.0000	0.0000	0.0000	0.0000	5.8611	0.0000	0.0000	0.0000	1.6798
Sulfuritalea	1	Sulfuritalea	4.1879	0.3057	1.3228	0.0000	0.0000	0.0000	0.0000	0.3507	8.7294	0.0000	1.3816	1.1659	0.0000	0.5585	0.8299	0.6436	0.0000	0.0000	0.0000	0.0000	0.7378	0.7461	0.7076	0.2277	0.0000	0.7185	0.6148	0.6092	0.5476	0.5282	0.0000	0.3407	1.1062	0.0000	1.2466	0.0000	0.0000	0.6956	0.9827	0.8007	0.0000	1.3353
alphaI_cluster	1	GCA-013693735	1.3079	0.0000	0.0000	0.0000	0.0000	0.0000	0.0000	0.0000	3.0887	0.0000	0.3251	0.3867	0.0000	0.7996	0.0000	0.2839	0.0000	0.0000	0.0000	0.0000	0.9403	0.0000	1.7897	0.5129	11.2202	0.3811	0.6582	0.6663	0.4953	1.3501	0.5900	0.7606	0.2460	0.0000	0.3440	0.4166	1.1622	0.6866	0.3933	0.4583	0.0000	1.7119
Bryobacter	3	JACTMJ01	1.1543	0.0000	0.9412	0.3403	1.4435	0.6265	1.8926	0.0000	0.0000	0.0000	1.0636	1.4195	0.0000	2.9197	1.2974	1.3629	1.9144	0.0000	0.0000	0.0000	2.6079	0.0000	1.7478	0.0000	1.1678	0.0000	0.0000	0.0000	0.0000	0.0000	0.0000	0.0000	0.0000	2.1662	0.0000	2.1527	0.0000	1.3459	1.7843	0.0000	1.4678	0.0000
Lysobacter_B	2	Lysobacter_B	5.0434	0.0000	0.0000	0.6359	0.0000	0.0000	0.0000	0.0000	2.6754	0.5013	0.0000	0.0000	0.0000	0.0000	2.0285	0.8165	0.0000	0.0000	1.0435	0.0000	0.0000	0.0000	0.5771	0.2194	0.0000	2.2436	1.3108	1.3429	1.6533	2.5816	0.0000	0.0000	0.0000	0.0000	1.8211	0.5949	2.2998	0.5894	2.0095	0.1146	0.0000	0.6073
Cephaloticoccus	1	UBA2377	0.0000	0.0000	0.0000	2.1722	0.0000	0.0000	0.0000	0.0000	0.9294	0.0000	0.6499	1.6607	0.0000	1.1927	0.9938	0.0000	0.0000	0.0000	0.9633	0.9874	1.3416	0.0000	2.3393	0.0000	2.5000	0.8113	0.9152	0.6508	1.1180	0.5848	0.0000	0.0000	0.0000	2.3158	0.0000	0.0000	0.0000	0.0000	2.2732	0.0000	3.4711	2.5250
Kaistella	1	Kaistella	0.0000	0.0000	0.0000	0.0000	0.0000	0.0000	0.0000	0.0000	4.2384	0.0000	0.0000	1.0818	0.0000	0.5968	0.0000	0.0000	0.0000	0.0000	0.0000	0.0000	2.0108	0.0000	1.2637	1.1051	0.0000	0.0000	0.0000	0.0000	0.0000	18.0210	0.1028	0.0000	0.0000	0.0000	0.0000	0.1604	0.0000	1.5608	0.0000	0.0000	0.0000	0.0000
Aquimonas	3	Aquimonas	2.8719	0.0000	0.0000	0.0000	0.9802	0.7736	0.2823	0.0000	2.0594	0.0000	0.0000	0.0000	0.0000	0.1833	0.0000	0.9503	0.7414	0.0000	0.9547	0.0000	0.0000	0.0000	2.2987	1.7153	0.0000	0.9139	1.0332	1.0709	1.7775	2.4376	0.0000	0.0000	0.0000	0.0000	1.0020	0.7827	1.6624	1.8734	1.5383	1.0721	0.0000	0.5627
Rhodospirillales	1		3.9937	0.0000	0.0000	0.0000	3.2087	5.2388	2.8863	0.0000	2.4332	0.0000	0.0000	0.0000	0.0000	0.0000	2.5995	0.0000	0.0000	0.0000	0.0000	0.0000	0.0000	0.0000	0.0000	0.0000	0.0000	0.0000	0.0000	0.0000	0.0000	0.0000	0.0000	0.0000	0.0000	0.0000	3.3220	0.0000	5.2419	0.0000	0.0000	0.0000	0.0000	0.0000
Cyclobacteriaceae	2	ELB16-189	0.0000	0.0000	0.0000	2.1912	0.0000	0.0000	0.0000	1.9910	2.5603	0.0000	3.2891	1.2413	0.0000	1.3952	0.0000	1.2937	0.0000	0.0000	0.0000	0.0000	7.5507	0.0000	1.0592	0.0000	0.0000	0.0000	0.0000	0.0000	0.0000	0.0000	0.0000	0.0000	0.0000	0.0000	0.0000	0.0000	0.0000	6.0756	0.0000	0.0000	0.0000	0.0000
Chthoniobacterales	2	JACTMZ01	0.0000	0.0000	0.0000	0.0000	0.0000	0.0000	0.0000	0.6006	0.0000	0.0000	0.5597	4.3616	0.0000	1.0839	0.0000	1.7084	0.4888	0.0000	0.0000	0.0000	5.7025	0.0000	4.6300	0.0000	1.3271	1.7654	1.3381	1.5476	1.0431	2.1077	0.0000	0.0000	0.0000	0.0000	0.0000	0.0000	0.0000	0.0000	0.0000	0.0000	0.0000	0.3144
Gammaproteobacteria	2	SHZI01	0.0000	0.0000	0.0000	0.0000	0.6356	1.2853	0.0000	0.6831	2.1191	0.3713	0.7827	1.1498	0.0000	0.6386	0.4583	1.7695	0.5022	0.0000	0.0000	0.0000	0.6671	0.0000	0.9332	0.0000	0.0000	0.0000	0.0536	1.0198	0.0000	1.7019	1.1887	0.0000	0.0000	0.0000	0.6803	5.1946	0.0000	0.7241	2.0995	1.6973	0.0000	2.2076
Rhodanobacteraceae	1	JADKFD01	2.7052	0.0000	0.0000	0.0000	0.0000	0.0000	0.0000	0.0000	2.2389	0.9106	1.5227	0.0000	0.0000	1.3257	0.7660	0.3866	1.3942	0.0000	0.9567	0.0000	0.0000	0.0000	1.0111	0.0000	0.0000	0.8767	1.4981	1.2336	0.4014	1.1722	0.0000	0.6913	2.1152	0.0000	1.0596	0.7182	1.4598	1.4478	0.8185	0.5490	0.0000	0.6034
Tenuifilaceae	1	UBA2287	0.0000	0.0000	0.0000	0.9780	0.0000	0.0000	0.0000	0.0000	1.6378	2.6066	0.9343	0.0000	0.0000	1.2412	2.3273	1.1922	0.0000	0.0000	0.0000	0.0000	1.3003	0.0000	0.0000	0.0000	1.8300	0.0000	0.0000	0.0000	0.0000	0.0000	0.0000	0.0000	0.0000	1.4817	0.0000	0.0000	0.0000	9.4830	0.0000	0.0000	0.7451	1.2176
Novosphingobium	1	Novosphingobium	0.3589	0.0000	0.0000	0.0000	0.2208	0.4268	0.7802	0.0000	6.6212	0.0000	0.0000	0.0000	0.0000	0.0000	0.0000	0.0000	0.0000	0.0000	0.0000	0.0000	1.8389	0.0000	0.4307	1.0956	0.7802	0.6359	3.4682	0.4326	0.2858	0.6741	0.0000	0.0000	0.0000	0.0000	3.3004	0.0000	0.6972	0.5441	0.6365	0.0000	0.0000	3.4688
Mesorhizobium_G	2	Mesorhizobium_G	0.2576	0.0000	0.0000	0.6728	0.2380	0.1187	0.1835	0.1308	3.4694	0.6694	0.4163	0.2684	0.0000	0.2955	0.5059	1.8643	0.0000	0.0000	0.0000	0.0000	0.5728	1.1137	1.1353	1.1237	4.6621	0.3229	0.6712	0.2349	0.7337	0.6007	0.0000	0.0000	0.0000	0.0000	3.2970	0.0000	0.3210	0.2931	0.3415	0.0000	0.0000	1.1382
Pseudorhodobacter	1	JAAKGP01	0.0000	0.0000	0.0000	0.0000	0.0000	0.0000	0.0000	0.0000	2.5042	0.0000	0.9325	1.3630	0.0000	0.2700	0.5037	0.6704	0.6257	0.0000	0.0000	0.0000	0.7332	0.0000	1.0635	0.5403	4.4816	1.3299	1.2515	0.2183	0.7721	2.2032	0.0000	0.0000	0.0000	0.0000	0.6275	0.0000	0.1928	0.7147	0.4538	0.0000	0.0000	1.2068
Planctomycetota	2	UBA2386	0.0000	0.0000	1.4945	0.0000	0.3047	0.5949	0.9013	0.4201	2.4068	0.0000	0.2311	0.0000	0.0000	0.6265	0.0000	0.8763	0.0000	0.0000	0.0000	0.0000	0.1515	0.7477	1.1859	0.0000	1.4300	1.0163	0.4326	0.7612	1.0557	1.4618	0.0000	0.0000	0.0000	0.7622	0.0000	0.3421	0.0000	0.9896	2.0151	0.4676	1.0990	0.7977
Tabrizicola	1	Tabrizicola	0.2069	0.0000	0.0000	0.0000	0.0000	0.0000	0.0000	0.4536	1.5354	0.0000	0.2000	0.2777	0.0000	1.4240	0.2106	0.2565	0.5861	0.0000	0.0000	0.0000	0.9457	0.0000	2.6729	2.1754	3.1652	0.2178	0.3717	0.3211	0.3404	0.4758	0.7622	0.0000	0.0000	0.0000	0.3017	0.3574	0.3260	1.5437	0.8146	0.8643	0.0000	1.0471
Niabella	1	Niabella	1.2333	0.0000	0.0000	0.0000	0.0000	0.0000	0.0000	1.6436	0.7525	0.0000	1.8866	1.0906	0.0000	1.1401	0.6346	5.9600	0.0000	0.0000	0.0000	0.0000	0.0000	0.4161	2.4135	0.0000	0.0000	0.0000	0.0000	0.0000	0.0000	1.1833	0.0000	0.0000	0.0000	0.0000	0.0000	0.0000	0.0000	2.2946	0.0000	0.0000	0.0000	1.0737
Terrimicrobium	2	JACTMZ01	0.0000	0.0000	0.0000	0.3605	0.0000	0.0000	0.0000	1.0757	2.1809	0.0000	0.3925	0.5583	0.0000	1.7964	0.3382	1.4159	0.3655	0.0000	0.0000	0.0000	1.4701	0.0000	2.8447	0.0000	0.4039	0.9726	0.6367	0.7206	0.6669	2.9934	0.0000	0.2219	0.0000	0.0000	0.0000	0.0000	0.0000	1.4613	0.7007	0.0000	0.0000	0.0000
Gemmatimonas	1	JAABRT01	0.0000	0.0000	0.4135	0.1931	0.0000	0.0000	0.0000	0.1318	0.1971	0.0000	0.2147	0.0872	0.0000	0.2151	0.1586	0.1081	0.0000	0.0000	0.0000	0.0000	0.0000	0.3806	0.1104	0.0000	0.6500	0.2796	0.1827	0.1473	0.4837	0.3776	16.1129	0.0000	0.0000	0.0000	0.0000	0.1182	0.0000	0.1426	0.1810	0.0000	0.0000	0.4287
Luteimonas_D	2	Luteimonas_D	1.7002	0.0000	0.0000	0.0000	0.0000	0.0000	0.0000	0.0000	2.2655	0.0000	0.0000	0.0000	0.0000	0.0000	6.6474	0.3583	0.0000	0.0000	0.6548	0.0000	0.0000	0.0000	1.9085	0.4892	0.0000	0.5570	0.3022	0.0000	0.6470	1.2127	0.0000	0.0000	0.0000	0.0000	0.5476	0.0000	0.2992	0.4479	0.5352	0.0000	0.0000	0.0000
Paracoccus	1	Paracoccus	0.4293	0.1786	0.5037	0.0000	0.0000	0.0000	0.0000	0.0000	4.8687	0.5749	0.1989	1.7638	0.0000	0.2287	0.6064	0.0000	0.2105	0.0000	0.4301	0.6389	0.5792	0.0000	1.6164	0.2639	0.8972	0.0000	0.0000	0.0000	0.0000	0.0000	0.0000	0.0000	0.0000	0.0000	0.8381	0.0000	1.4829	0.7490	0.0000	0.0000	0.0000	1.0682
Pseudofulvimonas	2	Pseudofulvimonas	1.4453	0.0000	0.0000	0.0000	0.0000	0.0000	0.0000	0.0000	1.0680	0.4470	0.0000	0.0000	0.3444	0.0000	0.3752	0.4644	0.0000	0.0000	0.6159	0.2745	0.0000	0.0000	0.8707	0.0000	0.0000	0.9291	0.4914	0.5918	0.6306	2.5978	0.0000	0.4456	0.6896	0.0000	0.7279	0.5753	0.8766	1.5202	0.7378	0.5792	0.0000	0.0000
Casimicrobium	1	Casimicrobium	0.4079	0.2199	1.2295	0.0000	0.3858	0.2291	0.5061	0.0000	2.9553	0.3250	0.0000	0.0000	0.0000	0.0000	0.0000	0.9287	0.0000	0.0000	0.3753	0.0000	0.0000	0.0000	2.3933	0.2687	1.1196	0.7793	0.3696	0.6237	0.3794	0.6459	0.0000	0.0000	0.0000	0.0000	0.3342	0.0000	0.6952	0.4681	0.2219	0.2154	0.0000	0.7024
Thermomonas	2	Thermomonas	0.7676	0.0000	0.0000	0.3117	0.0000	0.0000	1.1585	0.0000	2.6136	0.0000	0.0000	0.0000	0.0000	0.0000	0.2257	0.3652	0.0000	0.0000	0.5274	0.2819	0.0000	0.0000	0.5012	0.1266	0.0000	0.8247	1.3176	0.9955	1.0534	1.7478	0.0000	0.0000	0.0000	0.0000	0.7928	0.5089	0.6253	0.4729	0.8355	0.1042	0.0000	0.4137
Hyphomicrobiaceae	1	JABFRJ01	0.4055	0.0947	0.4369	0.0000	1.9452	2.5406	0.8312	0.0000	2.9584	0.2378	0.0000	0.0000	0.0000	0.0000	0.0302	0.1824	0.0000	0.0000	0.0000	0.0000	0.1286	0.0000	0.2314	0.0466	2.2373	0.3448	0.5028	0.1984	0.1658	0.4805	0.0000	0.6758	0.5106	0.0000	0.1541	0.0000	0.0000	0.1609	0.1997	0.0000	0.0000	0.3033
Anaerolinea	1	Anaerolinea	0.0000	0.0000	0.4827	0.1569	0.0000	0.0000	0.0000	0.0000	2.2614	0.0000	0.1714	0.0000	0.1682	0.6719	0.0000	0.3206	0.1267	0.0000	0.6995	0.5720	0.2106	0.2106	0.1594	0.0000	2.8847	1.2773	0.9612	0.7906	0.7689	0.9739	0.0000	0.0000	0.0000	0.2374	0.0000	0.0000	0.0000	0.0000	0.0000	0.4189	1.1808	0.2965
Neotabrizicola	1	Neotabrizicola	0.3967	0.1003	0.0000	0.0000	1.1785	0.4098	0.5975	0.2435	1.3827	0.2881	0.1083	0.1194	0.0000	0.5519	0.1857	0.0730	0.1420	0.0000	0.0000	0.0000	0.1836	0.0000	0.6841	0.2059	2.6663	0.4918	0.2980	0.3299	0.4525	0.5685	0.7863	0.0000	0.0000	0.0000	0.1090	0.4480	0.1857	0.2315	0.4075	0.9168	0.0000	1.1177
Chthoniobacteraceae	1	JACTMZ01	0.0000	0.0000	0.2263	0.5747	0.0000	0.0000	0.0000	0.2833	0.0000	0.0000	0.3176	1.1642	0.0000	0.4177	0.0000	0.2490	0.1731	0.0000	0.0000	0.0000	0.3642	0.0000	0.9611	0.0000	0.2578	0.5632	0.5106	0.6695	2.0188	1.0135	0.0000	0.0000	0.0000	0.0000	0.4722	0.0000	0.0000	0.4301	0.0000	4.8687	0.0000	0.0000
Treponematales	1	UBA5200	0.0000	0.0000	0.0000	0.0000	0.0000	0.0000	0.0000	0.0000	1.4633	0.5052	0.2996	0.0000	0.0000	0.3464	1.7917	0.3515	0.4383	0.0000	0.0000	0.0000	0.7569	0.7569	0.0000	0.0000	4.3670	0.4810	0.4861	0.4679	0.2603	0.0000	0.0000	0.0000	0.0000	0.0000	0.0000	0.0000	0.0000	1.3200	0.3768	0.0000	0.0000	0.0000
Azoarcus_F	1	Azoarcus_F	0.3966	0.0000	0.0000	0.0000	1.5615	2.4366	3.8988	0.0000	3.1164	0.0000	0.0000	0.1644	0.0000	0.0000	0.1463	0.2212	0.0420	0.0000	0.0000	0.0000	0.3712	0.0000	0.4129	0.1957	0.0889	0.0000	0.0000	0.0000	0.1308	0.0000	0.1724	0.0853	0.1439	0.0000	0.1122	0.0944	0.0000	0.1537	0.0734	0.1051	0.0000	0.0000
Kapaibacteriales	1	PGYR01	0.3513	0.0000	0.0000	1.0486	0.0000	0.0000	0.0000	0.4279	0.6006	0.0000	0.0000	0.0000	0.0000	1.7363	0.0000	1.1037	0.0000	0.0000	0.0000	0.0000	0.9214	0.0000	0.8351	0.0000	0.0000	0.0000	0.0000	0.0000	0.0000	2.4525	0.6962	0.0000	0.0000	0.0000	0.0000	0.3565	0.0000	0.3058	1.1821	0.0000	0.0000	1.4995
Albidovulum	1	Albidovulum	0.5086	0.1338	0.5871	0.0000	0.0000	0.0000	0.0000	0.1631	1.7845	0.1905	0.1128	0.0000	0.0000	0.1969	0.0000	0.2507	0.2154	0.0000	0.0000	0.0000	0.1428	0.0000	0.4348	0.1604	2.7212	0.2178	0.1189	0.1445	0.3938	0.2947	0.5275	0.0000	0.0000	0.0000	1.5587	0.2546	0.0515	0.2896	0.5081	0.2463	0.0000	0.9380
Sandaracinus	1	JAEUKH01	0.0000	0.0000	0.1693	0.2015	0.2692	0.0000	0.0000	0.0000	0.9856	0.0000	0.3082	0.3610	0.0000	0.1378	0.1746	0.0000	0.1020	0.0000	0.0000	0.0000	0.0000	0.1857	1.6643	0.0000	0.1101	0.1857	0.0000	0.0554	0.2089	0.1149	0.3030	4.7779	0.2299	0.7668	0.4622	0.1560	0.0000	0.5021	0.0000	0.0000	0.2947	0.2844
Sulfuricystis	1	Sulfuricystis	0.4671	0.1047	0.1104	0.0000	0.0000	0.0000	0.0000	0.6026	1.3929	0.0000	0.1046	0.7822	0.0000	0.0000	0.8432	1.1913	1.0102	0.0000	0.0000	0.0000	0.1905	0.0000	0.5317	0.1531	0.0000	0.0000	0.2520	0.2753	0.0000	0.3191	0.7490	0.2037	0.5240	0.0000	1.3773	0.2997	0.0000	0.0000	0.0000	0.2834	0.0000	0.5570
Arenimonas	1	Arenimonas	0.0000	0.0000	0.0000	0.6013	0.0000	0.0000	0.0000	0.0000	0.6724	0.0000	0.0000	0.0000	0.0000	0.0000	0.0000	0.3552	0.1194	0.0000	0.3412	0.2848	0.0000	0.0000	0.0000	0.0000	0.0000	1.2548	0.6963	2.6180	0.8769	2.3645	0.0000	0.0000	0.0000	0.0000	0.0000	0.3227	0.0000	0.3958	0.4075	0.2876	0.0000	0.0000
Vicingus	1	Vicingus	0.3858	0.0000	0.0000	0.2479	0.9964	0.2863	0.6232	0.0000	0.6083	0.0000	0.0000	0.0000	0.0000	0.5529	0.0000	0.0000	0.0000	0.0000	0.0000	0.0000	0.6769	0.0000	0.3098	0.0000	3.0842	0.0000	0.0000	0.0000	0.0000	0.0000	0.9215	0.0000	0.0000	0.0000	0.0000	1.3757	0.0000	0.5379	0.0000	0.4035	0.0000	0.0000
Azospira	1	UBA1934	0.3501	0.1757	0.4827	0.0000	0.0000	0.0000	0.0000	0.0000	1.5314	0.0000	0.0000	0.0000	0.0000	0.0000	0.3801	0.2713	0.0000	0.0000	0.0000	0.0000	0.5310	0.0000	0.1876	0.0000	0.0000	0.3329	0.3958	0.3302	0.3745	0.3291	0.0000	0.0000	0.0000	0.0000	3.6386	0.0000	0.3863	0.4032	0.5375	0.0000	0.0000	0.0000
Sediminibacterium	1	Sediminibacterium	0.0000	0.0000	0.0000	0.0000	0.0000	0.0000	0.0000	0.2793	1.6661	0.0000	0.8835	0.5075	0.0000	0.8460	0.0000	0.0000	0.0000	0.0000	0.0000	0.0000	0.0000	1.8008	0.4845	0.0000	0.0000	0.0000	0.0000	0.0000	0.0000	1.5907	0.6012	0.0000	0.0000	0.0000	0.0000	0.8303	0.0000	1.1132	0.0000	0.0000	0.0000	0.0000
Lacipirellulaceae	1	GCA-2702655	0.4446	0.0000	0.7671	0.0000	0.0000	0.0000	0.0000	0.0000	0.6566	0.0000	0.3589	0.6758	0.1324	0.5099	0.1445	0.7791	0.4530	0.0000	0.0000	0.0000	1.3216	0.0000	0.4583	0.0000	0.6730	0.3754	0.4218	0.3191	0.4546	0.2306	0.0000	0.0000	0.0000	0.2244	0.3593	0.0000	0.0000	0.1701	0.4023	0.0000	0.2007	0.0000
Prosthecobacter	1	Prosthecobacter	0.0000	0.0000	0.0000	1.0016	0.0000	0.0000	0.0000	0.0000	0.4561	0.0000	0.4087	0.4330	0.0000	0.0000	0.0000	0.3223	0.3876	0.0000	0.0000	0.0000	0.0000	0.0000	0.4165	0.0000	0.7327	0.6057	0.0000	0.3509	0.4023	0.3194	0.8216	0.0000	0.4909	0.0000	0.0000	0.3305	0.0000	1.3001	1.1469	0.0000	0.0000	0.4481
Spirochaetota	1		0.0000	0.0000	1.1561	0.0000	0.0000	0.0000	0.0000	0.0000	0.0000	0.0000	0.2285	0.3258	0.0000	0.0000	0.0000	0.2352	2.3578	0.0000	0.0000	0.0000	0.0000	0.0000	0.0000	0.0000	0.0000	0.2775	0.8436	1.4911	0.0000	1.5641	0.0000	0.0000	0.0000	0.0000	0.0000	0.0000	0.0000	1.2726	0.0000	0.0000	0.0000	0.5775
Rhodocyclaceae	2	UBA1934	0.7228	0.1860	0.8199	0.0000	0.1274	0.1807	0.1581	0.0000	0.6863	0.0000	0.0000	0.0000	0.0000	0.0000	0.1470	0.4782	0.0000	0.0000	0.0000	0.0000	0.2536	0.0000	0.2783	0.2107	0.0000	0.5331	0.3538	0.5456	0.4398	0.3600	0.0000	0.4625	0.1420	0.0000	0.7197	0.0000	1.1377	0.9468	0.4197	0.0000	0.0000	0.0000
Leptolinea	1	Leptolinea	0.0000	0.0000	0.0000	0.1238	0.0000	0.0000	0.0000	0.0000	1.2578	0.0000	0.4475	0.0000	0.0886	0.2431	0.0000	0.0000	0.0000	0.0000	0.0000	0.0000	0.0000	0.0000	0.0000	0.0000	3.9822	0.5172	0.3117	0.6901	0.0000	0.4666	0.0000	0.0000	0.0000	0.0000	0.0000	0.0000	0.0000	0.7128	0.8698	0.0000	0.0000	0.2151
Chitinophagaceae	3	JAFLBI01	0.0000	0.0000	0.0000	0.0000	0.0000	0.0000	0.0000	0.5946	0.6913	0.0000	0.3148	1.2000	0.0000	1.3215	0.2422	0.7493	0.0000	0.0000	0.0000	0.0000	0.0690	0.9010	0.2823	0.0644	0.1707	0.0000	0.0000	0.0000	0.0000	0.9501	0.0000	0.0000	0.0000	0.0000	0.0000	0.0000	0.0000	1.7517	0.0000	0.0000	0.0000	0.0000
Blastopirellula	1	M30B19	0.0000	0.0000	0.2613	0.0000	0.0000	0.0000	0.0000	0.0000	0.4959	0.0000	0.1489	1.0032	0.0823	0.1554	0.9815	0.2139	0.1427	0.0000	0.7363	0.2187	0.0000	0.0000	1.7687	0.0000	0.3546	0.3682	0.2860	0.3304	0.3682	0.3405	0.0000	0.0000	0.0000	0.3570	0.0000	0.0000	0.0000	0.2101	0.1737	0.0000	0.1574	0.0000
Verrucomicrobiales	1	Arctic95D-9	0.4858	0.0000	0.0000	0.0000	0.0000	0.0000	0.0000	0.0000	0.7161	0.0000	0.2038	0.6677	0.0000	0.0000	0.0000	0.3035	0.2490	0.0000	0.0000	0.0000	0.0000	0.0000	0.0000	0.0000	1.0316	0.6185	0.4552	1.3542	0.2236	0.7113	0.6179	0.0000	0.0000	0.0000	0.0000	0.4111	0.0000	0.2922	0.3041	0.0000	0.0000	0.2778
Flavitalea	1	JJ008	0.2204	0.0000	0.0000	0.0000	0.0000	0.0000	0.0000	1.3662	0.4394	0.0000	1.4481	0.4459	0.0000	0.5962	0.0000	1.2085	0.0000	0.0000	0.0000	0.0000	0.5866	0.7384	0.5053	0.0000	0.2396	0.0000	0.0000	0.0000	0.0000	0.2089	0.0000	0.0000	0.0000	0.0000	0.0000	0.0000	0.0000	0.5783	0.0000	0.0000	0.0000	0.0000
Xinfangfangia	1	Xinfangfangia	0.1847	0.0000	0.0000	0.1352	0.0000	0.0000	0.0000	0.0000	1.1292	1.1871	0.1361	0.1099	0.0000	0.1209	0.5329	0.2153	0.1164	0.0000	0.0000	0.0000	0.2045	0.0000	1.4528	0.1667	1.0053	0.0000	0.0000	0.0000	0.0000	0.0000	0.0000	0.0000	0.0000	0.0000	0.2221	0.0000	0.2204	0.3618	0.0000	0.0000	0.0000	0.8973
Salinispiraceae	1		0.0000	0.0000	0.0000	0.0000	0.0000	0.0000	0.0000	0.0000	0.1852	0.0000	0.5729	0.1413	0.1694	0.3351	0.2940	0.0000	1.7436	0.0000	0.0000	0.0000	0.0000	0.0000	0.0000	0.0000	2.1003	0.0000	0.0000	0.0000	0.3463	1.0918	0.0000	0.0000	0.0000	0.0000	0.0000	0.0000	0.0000	0.0000	0.3666	0.0000	0.0000	0.8395
Thermomicrobiales	1	JADLGF01	0.0000	0.0000	0.0000	0.0996	0.0000	0.0000	0.0000	0.0945	0.0905	0.0000	0.1256	0.0000	0.0000	0.0000	0.0000	0.0000	0.4042	0.0000	0.0000	0.0000	0.0000	0.0617	0.2457	0.0000	3.9342	0.2306	0.2556	0.6658	0.9801	0.3121	0.0000	0.3394	0.0000	0.0000	0.0000	0.0000	0.0000	0.1207	0.0000	0.0000	0.0000	0.0000
Leptonema	1	Leptonema	0.2130	0.1149	0.3206	0.0000	0.0000	0.0000	0.0000	0.1283	1.8317	0.0000	0.2818	0.0000	0.0000	0.0000	0.0000	0.0000	0.7498	0.0000	0.0000	0.0000	0.2862	0.0000	0.4299	0.0000	0.0000	0.0000	0.0000	0.0000	0.0000	0.4463	0.6000	0.0000	0.0000	0.0000	0.0000	0.1744	0.0000	0.1889	0.0000	0.0781	0.0000	1.0375
Xanthomonadaceae	1		0.0000	0.0000	0.0000	0.0000	0.0000	0.0000	0.0000	0.0000	0.7982	0.0000	0.0000	0.0000	0.0000	0.0000	0.0000	0.3234	0.0000	0.0000	0.4337	0.0000	0.0000	0.0000	0.4147	0.0000	0.0000	0.5900	0.5739	0.5629	0.5260	0.5000	0.0000	0.0000	0.0000	0.0000	0.0000	0.4071	0.0000	0.4881	0.8500	0.1957	0.0000	0.1967
Herpetosiphon	1	Herpetosiphon	0.0000	0.0000	0.0000	0.6256	0.0000	0.0000	0.0000	0.0000	0.1316	0.0000	0.5109	0.0774	0.0000	0.2398	0.0000	0.6992	0.0000	0.0000	0.0000	0.0000	0.0000	0.9823	0.0000	0.0000	1.5252	0.5478	0.1349	0.1042	0.5840	0.0000	0.0000	0.0000	0.0000	0.0000	0.0000	0.0000	0.0000	0.4754	0.0000	0.0000	0.0000	0.0000
Mariniflexile	1	Mariniflexile	0.0000	0.0000	0.0000	0.4704	0.0000	0.0000	0.0000	0.2104	0.1293	0.0000	1.2592	0.2694	0.0000	0.3218	0.2560	0.0000	0.3291	0.0000	0.0000	0.0000	0.7603	0.0000	0.0000	0.0000	0.1237	0.0000	0.0000	0.0000	0.0000	0.0000	0.5493	0.0000	0.0000	0.2504	0.0000	0.2592	0.0000	1.3003	0.0000	0.0000	0.0000	0.0000
Spirosomataceae	1	SCN-52-12	0.1194	0.0000	0.0000	0.2911	0.0000	0.0000	0.0000	0.1403	0.3088	0.0000	0.3464	0.3329	0.0000	0.3010	0.0000	0.3836	0.1942	0.0000	0.3368	0.2995	0.0000	0.0000	0.2414	0.0000	0.0000	0.0000	0.0000	0.0000	0.0000	1.0918	0.1910	0.0000	0.0000	0.0000	0.0000	0.2497	0.0000	1.6303	0.0000	0.0000	0.0000	0.0000
Burkholderiaceae	1	JACDQM01	0.0000	0.0000	0.0000	0.0000	0.0000	0.0000	0.0000	0.0000	0.0000	0.0000	0.0000	0.0000	0.0000	0.0000	0.0000	0.0000	0.0000	0.0000	0.0000	0.0000	1.4061	0.0000	2.4247	0.0000	1.0603	0.0000	0.0000	0.0000	0.0000	0.0000	0.0000	0.0000	0.0000	0.0000	0.0000	0.0000	0.0000	0.0000	0.0000	0.0000	0.0000	0.0000
Runella	1	Runella	0.1347	0.2298	0.3204	0.0000	0.0000	0.0000	0.0000	0.0000	2.3183	0.0000	0.0000	0.6708	0.0000	0.2950	0.0000	0.0764	0.0000	0.0000	0.0000	0.0000	0.0000	0.0000	0.4362	0.0000	0.0000	0.0000	0.0000	0.0000	0.0000	0.1324	0.0000	0.0000	0.0000	0.0000	0.0000	0.0000	0.0000	0.2705	0.0000	0.0000	0.0000	0.0000
Hydrogenedensaceae	1	JAEUWI01	0.0000	0.0000	1.3446	0.0000	0.0000	0.0000	0.0000	0.0000	0.0000	0.0000	0.5680	0.2893	0.0000	0.1185	0.0000	0.3542	0.0000	0.0000	0.1165	0.5363	0.0000	0.0000	0.0000	0.0000	0.2292	0.1288	0.2438	0.1489	0.1567	0.2018	0.1629	0.0000	0.0000	0.0000	0.0000	0.0000	0.0000	0.0000	0.2213	0.0000	0.0000	0.0000
Fimbriimonadaceae	1		0.0000	0.0000	0.0000	0.0000	0.0000	0.0000	0.0000	0.0000	0.1234	0.0000	0.4652	0.0000	0.4653	0.1043	0.0000	0.8107	0.0000	0.0000	0.0000	0.0000	0.1896	0.0000	1.5798	0.0000	0.1233	0.2202	0.1458	0.1023	0.0383	0.1827	0.0000	0.0000	0.0000	0.0000	0.0000	0.0000	0.0000	0.1149	0.0000	0.0000	0.0000	0.0000
Pseudoxanthomonas_B	1	Pseudoxanthomonas_B	0.2345	0.0000	0.0000	0.2270	0.0000	0.0000	0.0000	0.0000	0.3562	0.2175	0.0000	0.0000	0.0000	0.0000	0.2006	0.1138	0.0000	0.0000	0.0000	0.0000	0.0000	0.0000	0.1668	0.0000	0.0000	0.3569	0.1782	0.2986	0.1833	0.2256	0.0000	0.0000	0.0000	0.0000	0.1825	1.0388	0.0000	0.0968	0.2204	0.0000	0.0000	0.3488
Phnomibacter	1	Phnomibacter	0.0000	0.0000	0.0000	0.0000	0.0000	0.0000	0.0000	0.2069	0.6044	0.0000	0.1174	0.9815	0.0000	0.2370	0.1137	0.1426	0.0000	0.0000	0.0000	0.0000	0.0000	0.1379	0.1437	0.0000	0.0000	0.0000	0.0000	0.0000	0.0000	0.3978	0.0000	0.0000	0.0000	0.0000	0.0000	0.0000	0.0000	1.5058	0.0000	0.0000	0.0000	0.0000
Xanthobacteraceae	1	SCUB01	0.0598	0.2468	0.0000	0.0000	0.0000	0.0000	0.0000	0.0000	0.9418	0.0000	0.0000	0.0000	0.0000	0.0000	0.0000	0.0821	0.0000	0.0000	0.0000	0.0000	0.0000	0.4197	0.4457	0.2449	0.4618	0.0000	0.0000	0.0000	0.0000	0.0000	0.0000	0.0862	0.3643	0.0000	0.1684	0.0000	0.2130	0.0000	0.0000	0.0000	0.0000	0.0000
Kiritimatiellia	1	CALMUP01	0.0000	0.0000	0.0000	0.0000	0.0000	0.0000	0.0000	0.0000	0.0000	0.0000	0.2368	1.5755	0.0000	0.4972	0.0000	0.0000	0.0000	0.0000	0.2517	0.2263	0.0000	0.0000	0.1199	0.0000	0.0000	0.0000	0.0000	0.0000	0.0000	0.0000	0.0000	0.0000	0.0000	0.3869	0.0000	0.0000	0.0000	0.0899	0.2211	0.0000	0.0000	0.0000
Chlorobium	1	Chlorobium	0.0000	0.0000	0.0000	0.0000	0.0000	0.0000	0.0000	0.0000	0.0000	0.0000	0.0924	0.0000	0.0000	0.0421	0.0000	0.0812	0.0000	0.0000	0.0000	0.0000	0.0000	0.0000	0.0762	0.0000	0.5266	0.4168	0.1267	0.2197	0.4137	0.2588	0.0000	0.0000	0.0000	0.0000	0.0000	0.0000	0.0000	0.1327	0.0000	0.0000	0.0000	0.0000
Microgenomatia	3	UBA927	0.3495	0.0000	0.0000	0.0000	0.0000	0.0000	0.0000	0.0000	0.2797	0.0000	0.6919	0.0000	0.0000	0.1060	0.0000	0.0000	0.0000	0.0000	0.0000	0.0000	0.0000	0.0000	0.0878	0.0000	0.5816	0.0000	0.0000	0.0000	0.0000	0.0000	0.1583	0.0000	0.0000	0.0000	0.0000	0.0000	0.0000	0.0000	0.0000	0.0000	0.0000	0.0000
Oligoflexia	1	JAIEMT01	0.0000	0.0000	0.0000	0.0000	0.0000	0.0000	0.0000	0.0000	0.0731	0.0000	0.0000	0.0000	0.0000	0.0000	0.0000	0.0000	0.0000	0.0000	0.0000	0.0000	0.1091	0.6415	0.0000	0.0000	0.9438	0.0000	0.0000	0.0000	0.0000	0.0000	0.0000	0.0000	0.0000	0.0000	0.0000	0.0000	0.0000	0.0000	0.0000	0.0000	0.0000	0.0000
Paceibacteria	4		0.0000	0.0000	0.0000	0.7490	0.0000	0.0000	0.0000	0.0000	0.0000	0.0000	0.0000	0.0000	0.0000	0.0000	0.2933	0.0000	0.0000	0.0000	0.0000	0.0000	0.0000	0.0000	0.0000	0.0000	0.4266	0.0000	0.0000	0.0000	0.0000	0.0000	0.0000	0.0000	0.0000	0.0000	0.0000	0.0000	0.0000	0.1621	0.0000	0.0000	0.0000	0.0000
Dojkabacteria	4	Brojett037	0.0000	0.0000	0.0000	0.0000	0.0000	0.0000	0.0000	0.0000	0.0000	0.0000	0.0894	0.0000	0.0000	0.0000	0.2977	0.0000	0.0000	0.0000	0.0000	0.0000	0.0000	0.0000	0.0000	0.0000	1.0963	0.0000	0.0000	0.0000	0.0000	0.0000	0.0000	0.0000	0.0000	0.0000	0.0000	0.0000	0.0000	0.0000	0.0000	0.0000	0.0000	0.0000
Ca_Pacebacteria	3	UBA1364	0.0000	0.0000	0.0000	0.3225	0.0000	0.0000	0.0000	0.0000	0.0000	0.0000	0.1617	0.0000	0.0000	0.0000	0.0000	0.0000	0.0000	0.0000	0.0000	0.0000	0.0000	0.0000	0.0000	0.0000	0.7106	0.0000	0.0000	0.0000	0.0000	0.0000	0.0000	0.0000	0.0000	0.0000	0.0000	0.0000	0.0000	0.2196	0.0000	0.0000	0.0000	0.0000
Ca_Bealeia	1		0.0000	0.0000	0.0000	0.0000	0.0000	0.0000	0.0000	0.0000	0.0000	0.0000	0.0000	0.0000	0.0000	0.1158	0.0000	0.0000	0.0000	0.0000	0.0000	0.0000	0.0000	0.0000	0.0000	0.0000	0.0000	0.1127	0.0000	0.0547	0.1623	0.1305	0.0000	0.0000	0.0000	0.0000	0.0543	0.0000	0.2194	0.0000	0.0000	0.0000	0.0000	0.0000
Zambryskibacteraceae	1		0.0000	0.0000	0.0000	0.0000	0.0000	0.0000	0.0000	0.0000	0.0000	0.0000	0.0000	0.0000	0.0000	0.0000	0.0000	0.0000	0.0000	0.0000	0.0000	0.0000	0.0000	0.0000	0.0000	0.0000	0.0818	0.0000	0.0000	0.0000	0.0000	0.0000	0.0000	0.0000	0.0000	0.0000	0.0000	0.0000	0.0000	0.0000	0.0000	0.0000	0.0000	0.0000
Pararhodobacter	1	Pararhodobacter	0.0000	0.0000	0.0000	0.0000	0.0000	0.0000	0.0000	0.0000	0.0000	0.0000	0.0000	0.0000	0.0000	0.0000	0.0000	0.0000	0.0000	0.0000	0.0000	0.0000	0.0000	0.0000	0.0000	0.0000	0.0000	0.0000	0.0000	0.0000	0.0000	0.0000	0.0000	0.0000	0.0000	0.0000	0.0000	0.0000	0.0000	0.0000	0.0000	0.0000	0.0000	0.0000
Bdellovibrio	1	UBA2316	0.0000	0.0000	0.0000	0.0000	0.0000	0.0000	0.0000	0.0000	0.0000	0.0000	0.0000	0.0000	0.0000	0.0000	0.0000	0.0000	0.0000	0.0000	0.0000	0.0000	0.0000	0.0000	0.0000	0.0000	0.0000	0.0000	0.0000	0.0000	0.0000	0.0000	0.0000	0.0000	0.0000	0.0000	0.0000	0.0000	0.0000	0.0000	0.0000	0.0000	0.0000	0.0000
Ca_Falkowbacteria	1	UBA919	0.0000	0.0000	0.0000	0.0000	0.0000	0.0000	0.0000	0.0000	0.0000	0.0000	0.0000	0.0000	0.0000	0.0000	0.0000	0.0000	0.0000	0.0000	0.0000	0.0000	0.0000	0.0000	0.0000	0.0000	0.0000	0.0000	0.0000	0.0000	0.0000	0.0000	0.0000	0.0000	0.0000	0.0000	0.0000	0.0000	0.0000	0.0000	0.0000	0.0000	0.0000	0.0000
Kapaibacterium	1	Kapaibacterium	0.0000	0.0000	0.0000	0.0000	0.0000	0.0000	0.0000	0.0000	0.0000	0.0000	0.0000	0.0000	0.0000	0.0000	0.0000	0.0000	0.0000	0.0000	0.0000	0.0000	0.0000	0.0000	0.0000	0.0000	0.0000	0.0000	0.0000	0.0000	0.0000	0.0000	0.0000	0.0000	0.0000	0.0000	0.0000	0.0000	0.0000	0.0000	0.0000	0.0000	0.0000	0.0000
Altimarinus	1	Altimarinus	0.0000	0.0000	0.0000	0.0000	0.0000	0.0000	0.0000	0.0000	0.0000	0.0000	0.0000	0.0000	0.0000	0.0000	0.0000	0.0000	0.0000	0.0000	0.0000	0.0000	0.0000	0.0000	0.0000	0.0000	0.0000	0.0000	0.0000	0.0000	0.0000	0.0000	0.0000	0.0000	0.0000	0.0000	0.0000	0.0000	0.0000	0.0000	0.0000	0.0000	0.0000	0.0000
Absconditicoccaceae	2		0.0000	0.0000	0.0000	0.0000	0.0000	0.0000	0.0000	0.0000	0.0000	0.0000	0.0000	0.0000	0.0000	0.0000	0.0000	0.0000	0.0000	0.0000	0.0000	0.0000	0.0000	0.0000	0.0000	0.0000	0.0000	0.0000	0.0000	0.0000	0.0000	0.0000	0.0000	0.0000	0.0000	0.0000	0.0000	0.0000	0.0000	0.0000	0.0000	0.0000	0.0000	0.0000
