MAG	mag_iterativeID	genus	K00023	K00362	K00363	K00368	K00370	K00371	K00374	K00376	K00626	K00634	K00688	K00700	K00702	K00703	K00925	K00937	K01214	K01514	K01659	K01720	K01847	K01848	K01895	K01908	K02035	K02036	K02037	K02038	K02039	K02040	K02305	K02567	K02568	K03385	K03821	K04561	K05973	K07636	K07657	K15864	K15876	K22468
CAN_1_bin.148	Dokdonella.5	Dokdonella	0.0000	0.0000	0.0000	0.0000	0.0000	0.0000	0.0000	0.0000	1.6666	0.0000	0.0000	0.0000	0.0000	0.0000	0.0000	0.6807	0.0000	0.0000	0.0000	0.0000	0.0000	0.0000	0.0000	0.0000	0.0000	2.5897	2.2641	2.2716	2.7227	2.0231	0.0000	0.0000	0.0000	0.0000	0.0000	0.0000	0.0000	2.8524	2.7796	0.0000	0.0000	0.0000
CAN_1_bin.174	Gracilibacteria.30	UBA5532	0.0000	0.0000	0.0000	0.0000	0.0000	0.0000	0.0000	0.0000	0.0000	0.0000	0.0000	0.0000	0.0000	0.0000	0.0000	0.0000	0.0000	0.0000	0.0000	0.0000	0.0000	0.0000	0.0000	0.0000	0.0000	0.0000	0.0000	0.0000	0.0000	0.0000	0.0000	0.0000	0.0000	0.0000	0.0000	0.0000	0.0000	0.0000	0.0000	0.0000	0.0000	0.0000
CAN_1_bin.177	Pararhodobacter.1_m	Pararhodobacter	0.0000	0.0000	0.0000	0.0000	0.0000	0.0000	0.0000	0.0000	0.0000	0.0000	0.0000	0.0000	0.0000	0.0000	0.0000	0.0000	0.0000	0.0000	0.0000	0.0000	0.0000	0.0000	0.0000	0.0000	0.0000	0.0000	0.0000	0.0000	0.0000	0.0000	0.0000	0.0000	0.0000	0.0000	0.0000	0.0000	0.0000	0.0000	0.0000	0.0000	0.0000	0.0000
CAN_1_bin.180	Bdellovibrio.13	UBA2316	0.0000	0.0000	0.0000	0.0000	0.0000	0.0000	0.0000	0.0000	0.0000	0.0000	0.0000	0.0000	0.0000	0.0000	0.0000	0.0000	0.0000	0.0000	0.0000	0.0000	0.0000	0.0000	0.0000	0.0000	0.0000	0.0000	0.0000	0.0000	0.0000	0.0000	0.0000	0.0000	0.0000	0.0000	0.0000	0.0000	0.0000	0.0000	0.0000	0.0000	0.0000	0.0000
CAN_1_bin.195	Ca_Falkowbacteria.7	UBA919	0.0000	0.0000	0.0000	0.0000	0.0000	0.0000	0.0000	0.0000	0.0000	0.0000	0.0000	0.0000	0.0000	0.0000	0.0000	0.0000	0.0000	0.0000	0.0000	0.0000	0.0000	0.0000	0.0000	0.0000	0.0000	0.0000	0.0000	0.0000	0.0000	0.0000	0.0000	0.0000	0.0000	0.0000	0.0000	0.0000	0.0000	0.0000	0.0000	0.0000	0.0000	0.0000
CAN_1_bin.2	Ignavibacteria.5		0.0000	0.0000	0.0000	0.0000	0.0000	0.0000	0.0000	0.0000	0.0000	0.0000	0.0000	0.0000	0.0000	0.0000	0.0000	0.0000	0.0000	0.0000	0.0000	0.0000	0.0000	0.0000	0.0000	0.0000	0.0000	0.0000	0.0000	0.0000	0.0000	0.0000	0.0000	0.0000	0.0000	0.0000	0.0000	0.0000	0.0000	0.0000	0.0000	0.0000	0.0000	0.0000
CAN_1_bin.210	Dokdonella.14	Dokdonella	0.0000	0.0000	0.0000	0.0000	0.0000	0.0000	0.0000	0.0000	0.0000	0.0000	0.0000	0.0000	0.0000	0.0000	0.0000	0.0000	0.0000	0.0000	0.0000	0.0000	0.0000	0.0000	0.0000	0.0000	0.0000	0.0000	0.0000	0.0000	0.0000	0.0000	0.0000	0.0000	0.0000	0.0000	0.0000	0.0000	0.0000	0.0000	0.0000	0.0000	0.0000	0.0000
CAN_1_bin.48	Paceibacteria.1_m		0.0000	0.0000	0.0000	0.0000	0.0000	0.0000	0.0000	0.0000	0.0000	0.0000	0.0000	0.0000	0.0000	0.0000	0.0000	0.0000	0.0000	0.0000	0.0000	0.0000	0.0000	0.0000	0.0000	0.0000	0.0000	0.0000	0.0000	0.0000	0.0000	0.0000	0.0000	0.0000	0.0000	0.0000	0.0000	0.0000	0.0000	0.0000	0.0000	0.0000	0.0000	0.0000
CAN_1_bin.5	Micavibrionaceae.1_m	UBA1573	20.0615	0.0000	0.0000	0.0000	0.0000	0.0000	0.0000	0.0000	0.0000	0.0000	0.0000	0.0000	0.0000	0.0000	19.8714	0.0000	0.0000	0.0000	0.0000	0.0000	0.0000	0.0000	0.0000	0.0000	0.0000	0.0000	0.0000	0.0000	0.0000	0.0000	0.0000	0.0000	0.0000	0.0000	10.9995	0.0000	0.0000	0.0000	0.0000	0.0000	0.0000	0.0000
CAN_1_bin.77	Thermoanaerobaculia.1_m	UBA5066	0.0000	0.0000	0.0000	0.0000	0.0000	0.0000	0.0000	0.0000	0.0000	0.0000	0.0000	0.0000	0.0000	0.0000	0.0000	0.0000	0.0000	0.0000	0.0000	0.0000	0.0000	13.2034	0.0000	0.0000	0.0000	0.0000	0.0000	0.0000	0.0000	0.0000	0.0000	0.0000	0.0000	0.0000	0.0000	0.0000	0.0000	0.0000	0.0000	0.0000	0.0000	0.0000
CAN_1_bin.84	Phototrophicaceae.1_m	CFX2	0.0000	0.0000	0.0000	3.9772	0.0000	0.0000	0.0000	0.0000	14.4015	0.0000	0.0000	0.0000	0.0000	0.0000	0.0000	0.0000	0.0000	0.0000	0.0000	0.0000	0.0000	0.0000	0.0000	0.0000	0.0000	3.0828	8.6744	2.4459	0.0000	0.0000	0.0000	0.0000	0.0000	0.0000	0.0000	0.0000	0.0000	0.0000	0.0000	0.0000	0.0000	0.0000
CAN_1_bin.98	Ca_Accumulibacter.23	Accumulibacter	0.0000	48.1471	31.4653	0.0000	0.0000	0.0000	0.0000	0.0000	101.2430	0.0000	44.9363	0.0000	0.0000	39.8832	0.0000	0.0000	0.0000	0.0000	0.0000	0.0000	0.0000	0.0000	0.0000	0.0000	0.0000	0.0000	0.0000	0.0000	0.0000	45.5818	0.0000	0.0000	0.0000	0.0000	80.1853	0.0000	0.0000	0.0000	0.0000	0.0000	0.0000	38.7903
CAN_2_bin.125	Pseudoxanthomonas_A.1_m	Pseudoxanthomonas_A	31.7144	0.0000	0.0000	0.0000	0.0000	0.0000	0.0000	0.0000	4.5272	0.0000	0.0000	0.0000	0.0000	0.0000	0.0000	0.0000	0.0000	0.0000	0.0000	0.0000	0.0000	0.0000	0.0000	0.0000	0.0000	0.0000	0.0000	0.0000	0.0000	0.0000	0.0000	9.3350	25.3225	0.0000	0.0000	0.0000	0.0000	0.0000	0.0000	0.0000	0.0000	0.0000
CAN_2_bin.151	Brevundimonas.4	Brevundimonas	0.0000	0.0000	0.0000	0.0000	0.0000	0.0000	0.0000	0.0000	2.9468	0.0000	0.0000	0.0000	0.0000	0.0000	0.0000	3.3857	0.0000	0.0000	0.0000	0.0000	0.0000	0.0000	0.0000	0.0000	0.0000	0.0000	0.0000	0.0000	0.0000	0.0000	0.0000	0.0000	0.0000	0.0000	0.0000	0.0000	0.0000	0.0000	0.0000	0.0000	0.0000	0.0000
CAN_2_bin.159	Pseudoxanthomonas.23	Pseudoxanthomonas	17.1553	0.0000	0.0000	0.0000	0.0000	0.0000	0.0000	0.0000	0.0000	0.0000	0.0000	0.0000	0.0000	0.0000	0.0000	0.0000	0.0000	0.0000	0.0000	0.0000	0.0000	0.0000	0.0000	0.0000	0.0000	6.2383	12.3694	14.5725	8.4010	22.6016	0.0000	0.0000	0.0000	0.0000	0.0000	11.2313	0.0000	0.0000	0.0000	0.0000	0.0000	0.0000
CAN_2_bin.173	Burkholderiaceae.1_m	JACDQM01	0.0000	0.0000	0.0000	0.0000	0.0000	0.0000	0.0000	0.0000	0.0000	0.0000	0.0000	0.0000	0.0000	0.0000	0.0000	0.0000	0.0000	0.0000	0.0000	0.0000	1.4061	0.0000	2.4247	0.0000	1.0603	0.0000	0.0000	0.0000	0.0000	0.0000	0.0000	0.0000	0.0000	0.0000	0.0000	0.0000	0.0000	0.0000	0.0000	0.0000	0.0000	0.0000
CAN_2_bin.176	Thermoanaerobaculia.2_m	UBA5066	0.0000	0.0000	0.0000	0.0000	0.0000	0.0000	0.0000	9.1653	5.6187	0.0000	2.4950	0.0000	1.9293	3.5816	2.4831	2.3061	2.6988	0.0000	0.0000	0.0000	0.0000	6.5139	6.9719	1.8756	9.3048	8.7305	5.8625	5.2684	1.4046	7.4978	0.0000	0.0000	0.0000	11.3603	0.0000	5.5772	0.0000	11.6493	5.3248	0.0000	3.4279	3.2782
CAN_2_bin.23	Zoogloea.11	Zoogloea	7.0334	10.9017	4.5847	0.0000	0.0000	0.0000	0.0000	7.3963	13.0279	0.0000	0.0000	0.0000	0.0000	0.0000	6.6866	3.3395	0.0000	0.0000	2.4637	2.6661	1.8076	0.0000	2.3160	2.2799	2.1034	2.0703	4.1531	5.4735	4.1641	3.9424	6.8837	1.9778	6.5342	0.0000	28.9995	2.4712	4.7856	2.2787	3.0046	1.9876	0.0000	2.2826
CAN_2_bin.6	Desulfobacillus.1_m	Desulfobacillus	14.5076	11.5963	4.3980	0.0000	0.0000	0.0000	0.0000	8.8430	55.7977	0.0000	7.6313	5.6697	0.0000	6.4361	13.2744	5.0899	9.3822	0.0000	0.0000	0.0000	22.1251	12.3358	45.8765	6.9621	0.0000	7.9814	9.8459	7.5216	7.9223	5.4497	0.0000	9.9628	7.1407	0.0000	24.4768	0.0000	0.0000	9.4006	8.7491	25.2039	0.0000	0.0000
CAN_2_bin.66	Chthoniobacterales.1_m	JACTMZ01	0.0000	0.0000	0.0000	0.0000	0.0000	0.0000	0.0000	0.6006	0.0000	0.0000	0.3731	2.5187	0.0000	0.4124	0.0000	1.5255	0.2648	0.0000	0.0000	0.0000	5.2942	0.0000	3.1635	0.0000	0.8114	1.2872	0.9979	1.0934	0.5729	1.4693	0.0000	0.0000	0.0000	0.0000	0.0000	0.0000	0.0000	0.0000	0.0000	0.0000	0.0000	0.1292
CAN_3_bin.10	Rhodobacter.13	JAAKGP01	1.4333	0.0000	0.0000	0.0000	0.0000	0.0000	0.0000	0.8728	8.3984	0.7957	1.5979	0.3720	0.0000	0.6660	3.0277	1.5902	2.2511	0.0000	0.0000	0.0000	2.0113	0.0000	2.8916	0.7473	13.8014	1.4239	0.8806	1.2794	6.7509	1.9528	1.0727	0.0000	0.0000	0.0000	2.0352	1.6150	2.2687	1.0914	0.8407	1.2459	0.0000	4.0586
CAN_3_bin.124	Thermomonas.1	Thermomonas	0.3865	0.0000	0.0000	0.3117	0.0000	0.0000	1.1585	0.0000	2.1340	0.0000	0.0000	0.0000	0.0000	0.0000	0.2257	0.0000	0.0000	0.0000	0.3017	0.2819	0.0000	0.0000	0.2231	0.0000	0.0000	0.4224	0.8130	0.5430	0.5041	1.4304	0.0000	0.0000	0.0000	0.0000	0.6508	0.2990	0.3672	0.0000	0.0000	0.0000	0.0000	0.0000
CAN_3_bin.13	Pseudoxanthomonas_A.2_m	Pseudoxanthomonas_A	4.6316	0.0000	0.0000	1.8978	0.0000	0.0000	0.0000	0.0000	3.4684	0.0000	0.0000	0.0000	0.0000	0.0000	0.0000	6.7126	0.0000	0.0000	1.4161	0.0000	0.0000	0.0000	2.9222	2.5638	0.0000	3.9630	2.0032	2.8093	3.4715	3.7730	0.0000	1.1066	3.1921	0.0000	5.7596	1.3182	2.1722	4.8271	2.4351	0.0000	0.0000	0.0000
CAN_3_bin.203	Ancalomicrobiaceae.1_m	JAEULV01	39.3745	75.9925	15.4959	0.0000	0.0000	0.0000	0.0000	17.5409	137.4072	48.4871	16.1440	16.5219	0.0000	20.5025	35.0261	19.9863	0.0000	0.0000	0.0000	0.0000	32.9168	0.0000	132.9966	19.0837	171.7785	23.9737	23.1031	28.9624	20.0961	33.2683	22.8208	16.4615	55.0980	0.0000	49.0752	33.3068	64.8233	73.0926	34.6030	30.9841	0.0000	60.0021
CAN_3_bin.205	Niabella.2	Niabella	1.2333	0.0000	0.0000	0.0000	0.0000	0.0000	0.0000	1.6436	0.7525	0.0000	1.8866	1.0906	0.0000	1.1401	0.6346	5.9600	0.0000	0.0000	0.0000	0.0000	0.0000	0.4161	2.4135	0.0000	0.0000	0.0000	0.0000	0.0000	0.0000	1.1833	0.0000	0.0000	0.0000	0.0000	0.0000	0.0000	0.0000	2.2946	0.0000	0.0000	0.0000	1.0737
CAN_3_bin.208	Azospira_A.1_m	Azospira_A	1.3167	3.6190	2.0190	0.0000	0.0000	0.0000	0.0000	0.5199	2.1885	1.7823	0.0000	0.0000	0.0000	0.0000	0.3875	0.6480	0.0000	0.0000	0.0000	0.0000	0.0000	0.0000	0.6161	0.4705	0.0000	0.5013	0.6246	0.5122	0.6034	1.2037	1.2068	0.2903	2.2756	0.0000	1.4437	0.4743	0.0000	0.7285	3.6547	1.2094	0.0000	1.1413
CAN_3_bin.216	Zoogloea.3	Zoogloea	5.9040	3.4695	2.2254	0.0000	0.0000	0.0000	0.0000	3.3379	19.8913	0.0000	0.0000	0.0000	0.0000	0.0000	4.3954	1.1527	0.0000	0.0000	0.0000	0.0000	1.7343	0.0000	3.0351	1.0929	0.0000	1.2737	3.1733	2.4135	3.6963	3.3852	3.1614	0.9507	2.9867	0.0000	23.5452	1.0861	0.0000	1.2095	2.0249	1.3623	0.0000	1.3427
CAN_3_bin.221	Ignavibacteria.31	OLB5	0.0000	0.0000	0.0000	0.0000	0.0000	0.0000	0.0000	41.0405	40.4520	0.0000	19.1474	17.7795	0.0000	18.6594	0.0000	19.7608	0.0000	0.0000	0.0000	0.0000	26.3614	39.6590	43.2213	0.0000	256.4470	24.2904	111.6636	18.5725	39.5307	68.1626	0.0000	0.0000	0.0000	347.2483	0.0000	0.0000	0.0000	38.6165	41.6238	0.0000	61.1434	29.9238
CAN_3_bin.227	Kapaibacterium.1_m	Kapaibacterium	0.0000	0.0000	0.0000	0.0000	0.0000	0.0000	0.0000	0.0000	0.0000	0.0000	0.0000	0.0000	0.0000	0.0000	0.0000	0.0000	0.0000	0.0000	0.0000	0.0000	0.0000	0.0000	0.0000	0.0000	0.0000	0.0000	0.0000	0.0000	0.0000	0.0000	0.0000	0.0000	0.0000	0.0000	0.0000	0.0000	0.0000	0.0000	0.0000	0.0000	0.0000	0.0000
CAN_3_bin.43	Luteimonas.2	Luteimonas_D	0.0000	0.0000	0.0000	0.0000	0.0000	0.0000	0.0000	0.0000	0.0000	0.0000	0.0000	0.0000	0.0000	0.0000	0.0000	0.0000	0.0000	0.0000	0.0000	0.0000	0.0000	0.0000	0.0000	0.0000	0.0000	0.0000	0.0000	0.0000	0.0000	0.0000	0.0000	0.0000	0.0000	0.0000	0.0000	0.0000	0.0000	0.0000	0.0000	0.0000	0.0000	0.0000
CAN_4_bin.103	Aggregatilineales.1_m	UBA2796	0.0000	0.0000	0.0000	1.1097	0.0000	0.0000	0.0000	3.6584	0.6883	0.0000	1.3747	3.2313	1.8585	3.0700	0.0000	3.3920	2.6530	0.0000	0.0000	0.0000	0.9180	2.3914	1.0511	0.0000	9.7711	1.5417	0.8006	0.7638	3.9903	2.4819	3.1681	0.0000	0.0000	1.2973	0.0000	0.0000	0.0000	3.1709	3.2115	0.0000	0.4994	0.8996
CAN_4_bin.107	Ca_Caldilinea.1	Caldilinea	0.0000	0.0000	0.0000	4.8410	0.0000	0.0000	0.0000	0.7563	5.8990	0.0000	2.6020	1.8869	0.0000	0.9777	0.0000	1.1706	0.5665	0.0000	0.0000	0.0000	0.3331	3.1285	4.1114	0.3904	7.3120	0.4197	1.1615	0.8310	0.5059	2.0055	0.0000	0.0000	0.0000	0.4589	0.0000	0.0000	0.0000	2.8119	0.9779	0.0000	0.1203	0.0000
CAN_4_bin.11	Ca_Villigracilis.10	Villigracilis	0.0000	1.1354	1.2348	3.2060	3.7927	0.0000	2.1296	0.0000	6.6113	2.3170	3.3055	0.0000	0.7973	1.4345	0.0000	1.7612	0.0000	0.0000	0.0000	0.0000	2.8849	3.8260	2.4603	0.0000	10.9917	4.7212	6.2543	3.2547	1.1273	5.5412	0.0000	0.0000	0.0000	1.4530	0.0000	0.0000	0.0000	5.1233	1.8101	1.2023	3.7791	1.5333
CAN_4_bin.112	Bacteroidia.1_m	2-12-FULL-35-15	0.5661	0.0000	0.0000	0.4939	0.0000	0.0000	0.0000	4.5589	0.3869	0.0000	0.0000	0.0000	0.0000	0.5751	0.0000	0.2541	0.0000	0.0000	0.0000	0.0000	0.0000	0.3606	0.2639	0.0000	0.8397	0.0000	0.0000	0.0000	0.0000	0.2342	1.4545	0.0000	0.0000	0.0000	0.0000	1.7127	0.0000	1.1378	0.0000	0.0000	0.0000	0.0000
CAN_4_bin.116	Ca_Competibacter.49	Competibacter	36.4119	24.3684	34.1840	0.0000	0.0000	0.0000	0.0000	0.0000	29.4725	27.0617	12.9719	558.2381	0.0000	21.6132	0.0000	8.5040	86.1580	0.0000	0.0000	13.3854	33.3923	14.4345	83.7618	25.1024	0.0000	23.0534	29.8810	16.5220	31.2028	19.8671	0.0000	0.0000	0.0000	0.0000	67.3545	0.0000	0.0000	17.2952	21.8431	0.0000	0.0000	0.0000
CAN_4_bin.142	Vicingus.1	Vicingus	0.3858	0.0000	0.0000	0.2479	0.9964	0.2863	0.6232	0.0000	0.6083	0.0000	0.0000	0.0000	0.0000	0.5529	0.0000	0.0000	0.0000	0.0000	0.0000	0.0000	0.6769	0.0000	0.3098	0.0000	3.0842	0.0000	0.0000	0.0000	0.0000	0.0000	0.9215	0.0000	0.0000	0.0000	0.0000	1.3757	0.0000	0.5379	0.0000	0.4035	0.0000	0.0000
CAN_4_bin.152	Brevundimonas.1_m	Brevundimonas	0.3291	0.0000	0.0000	0.0000	0.1211	0.1221	0.3319	0.0000	1.0161	0.0000	0.0000	0.0000	0.0000	0.0000	0.0000	0.1381	0.0000	0.0000	0.0000	0.0000	0.2850	0.0000	0.4565	0.0000	0.0000	0.4984	0.2570	0.3586	0.5959	0.0000	0.0000	0.0000	0.0000	0.0000	0.4582	0.0000	0.2914	0.2252	0.5015	0.0000	0.0000	0.3407
CAN_4_bin.154	Aquimonas.4	Aquimonas	0.9488	0.0000	0.0000	0.0000	0.0000	0.0000	0.0000	0.0000	0.0000	0.0000	0.0000	0.0000	0.0000	0.0000	0.0000	0.2414	0.0000	0.0000	0.3899	0.0000	0.0000	0.0000	0.5557	1.1994	0.0000	0.3066	0.2385	0.2343	0.3461	0.5263	0.0000	0.0000	0.0000	0.0000	0.2200	0.3530	0.2856	0.3371	0.9528	0.6034	0.0000	0.3583
CAN_4_bin.166	Ignavibacterium.4	UTCHB3	0.0000	0.0000	0.0000	0.0000	0.0000	0.0000	0.0000	2.7323	1.3698	0.0000	2.5583	1.1772	0.0000	4.9303	1.9912	3.1950	1.2518	0.0000	0.0000	0.8769	4.1671	1.2445	4.8020	0.0000	1.1397	0.5658	0.7059	0.5738	1.3806	2.2321	0.0000	0.0000	0.0000	2.9108	0.0000	0.0000	0.0000	0.7190	0.0000	0.0000	4.6033	0.0000
CAN_4_bin.195	Azonexus.1_m	Azonexus	2.9440	0.0000	0.0000	0.0000	0.0000	0.0000	0.0000	1.3570	9.5823	0.0000	0.7144	1.1641	0.0000	0.0000	42.1238	2.1997	0.0000	0.0000	0.0000	0.0000	1.1172	0.0000	2.4446	1.6090	0.0000	1.3736	1.5175	1.6118	1.6431	4.4898	0.0000	1.0368	2.5269	0.0000	9.2200	0.0000	0.0000	1.9920	1.7944	2.3279	0.0000	8.6591
CAN_4_bin.197	Ignavibacteria.13	CAIKZJ01	0.0000	0.0000	0.0000	0.0000	0.0000	0.0000	0.0000	1.8730	3.1576	0.0000	1.3397	1.1995	0.0000	8.2648	1.2096	3.1085	0.0000	0.0000	0.0000	0.0000	2.4619	1.1562	9.7682	0.0000	1.7885	3.3305	0.9472	1.0420	1.4171	2.8771	0.0000	0.0000	0.0000	19.6020	0.0000	1.2388	0.0000	2.6119	4.2546	0.0000	4.3762	0.0000
CAN_4_bin.208	Azospira.3	Azospira_A	15.4261	3.0538	11.9052	0.0000	0.0000	0.0000	0.0000	3.3178	19.1012	3.1113	0.0000	0.0000	0.0000	0.0000	3.2509	2.6588	0.0000	0.0000	0.0000	0.0000	3.1003	0.0000	9.4077	4.0656	0.0000	5.4304	4.8967	5.0521	6.0021	9.2682	8.9783	4.7824	6.9277	0.0000	20.9715	3.7152	0.0000	3.9925	5.7798	7.7800	0.0000	8.9164
CAN_4_bin.220	Bosea.1	JAIUNP01	2.4591	2.2933	9.1178	0.0000	0.0000	0.0000	0.0000	1.5353	8.6524	0.0000	7.6729	3.9284	0.0000	3.0265	0.0000	2.9424	0.0000	0.0000	0.0000	0.0000	5.8272	0.0000	7.7636	1.9325	27.3122	3.6760	2.1886	3.4769	5.5195	11.6309	1.6660	1.3852	4.9270	0.0000	6.8925	3.7311	1.9702	6.5413	2.6329	1.9760	0.0000	1.8358
CAN_4_bin.225	Accumulibacter.1_m	Accumulibacter	5.3599	0.3665	1.1248	0.0000	0.0000	0.0000	0.0000	1.1604	1.0701	0.0000	1.1036	0.5769	0.0000	0.0000	0.7699	11.1576	1.4797	0.0000	0.0000	0.0000	0.9294	0.0000	0.8022	0.0000	0.0000	1.8082	3.1052	0.9515	3.5609	4.9012	0.0000	2.5592	1.7637	0.0000	0.6011	0.0000	0.0000	0.6950	1.1968	0.0000	0.0000	3.9766
CAN_4_bin.236	Thauera.34	Thauera	205.4958	28.9973	117.9382	0.0000	0.0000	0.0000	0.0000	35.1639	134.3463	0.0000	73.8090	34.0149	0.0000	50.8267	112.1227	58.4241	63.9908	0.0000	0.0000	0.0000	32.8627	0.0000	74.1666	44.7601	47.7585	68.0332	54.7443	58.9813	67.5278	50.2251	104.8357	32.1899	99.9299	0.0000	101.8769	45.3797	51.4634	44.8392	71.9477	73.1129	0.0000	50.0280
CAN_4_bin.238	Phaeodactylibacter.3	UBA2329	2.6171	0.0000	0.0000	2.2794	0.0000	0.0000	0.0000	1.9267	2.5744	0.0000	2.8849	1.7255	0.0000	5.8661	0.0000	1.9636	1.6146	0.0000	0.0000	0.0000	8.8779	0.0000	1.7501	1.7091	2.6592	0.0000	0.0000	0.0000	0.0000	0.0000	6.1338	0.0000	0.0000	0.0000	2.4960	6.0575	0.0000	9.5130	0.0000	0.0000	0.0000	3.1827
CAN_4_bin.25	Ca_Competibacter.26	Competibacter_A	4.5399	2.7587	10.2849	0.0000	3.1872	4.8224	8.0061	4.7902	16.1863	8.0349	5.2713	57.5863	3.4987	12.7061	304.1052	4.3844	5.1543	0.0000	0.0000	0.0000	15.2694	9.6805	5.7874	9.5783	3.5736	5.7779	4.2027	4.3773	9.8015	27.7507	4.3659	0.0000	0.0000	0.0000	37.8362	6.5111	0.0000	10.5433	4.9857	196.8956	0.0000	0.0000
CAN_4_bin.35	Brevundimonas.7	Brevundimonas	0.8312	0.0000	0.0000	0.0000	0.7572	0.8228	1.6567	0.0000	9.7032	0.0000	0.0000	0.0000	0.0000	0.0000	0.0000	1.0065	0.0000	0.0000	0.0000	0.0000	0.8906	0.0000	1.3099	0.0000	0.0000	0.7660	0.4323	0.5632	1.8431	0.8045	0.0000	0.0000	0.0000	0.0000	0.8045	1.4948	0.8535	0.9352	0.7457	0.0000	0.0000	0.8548
CAN_4_bin.38	Salinispiraceae.1_m		0.0000	0.0000	0.0000	0.0000	0.0000	0.0000	0.0000	0.0000	0.1852	0.0000	0.5729	0.1413	0.1694	0.3351	0.2940	0.0000	1.7436	0.0000	0.0000	0.0000	0.0000	0.0000	0.0000	0.0000	2.1003	0.0000	0.0000	0.0000	0.3463	1.0918	0.0000	0.0000	0.0000	0.0000	0.0000	0.0000	0.0000	0.0000	0.3666	0.0000	0.0000	0.8395
CAN_4_bin.44	Mesorhizobium.22	DUSC01	3.2586	0.0000	0.0000	2.1955	0.9865	1.0061	1.6122	0.7002	10.7177	0.0000	0.6937	0.4151	0.0000	1.7008	0.0000	1.3088	0.0000	0.0000	0.0000	0.0000	2.5069	0.5213	4.9321	2.2255	19.2427	1.5440	0.8445	0.7349	3.6930	3.8738	0.0000	0.0000	0.0000	0.0000	2.4835	0.0000	5.0258	0.8890	3.1109	0.0000	0.0000	5.2457
CAN_4_bin.62	Anaerolineaceae.1_m	JARKPB01	0.0000	0.0000	1.5420	0.0000	0.0000	0.0000	0.0000	0.0000	0.0000	0.0000	0.0000	0.0000	0.0000	0.0000	0.0000	0.0000	0.0000	0.0000	0.0000	0.0000	1.5440	1.5440	0.0000	0.0000	2.3919	4.9516	2.3658	2.5416	0.0000	1.0997	0.0000	0.0000	0.0000	0.0000	0.0000	0.0000	0.0000	0.0000	0.0000	0.0000	0.0000	4.8626
CAN_4_bin.64	Accumulibacter.2_m	Accumulibacter	0.0000	0.0000	0.0000	0.0000	0.0000	0.0000	0.0000	7.9368	8.5309	2.4952	4.0454	11.1086	0.0000	2.5440	6.9992	2.1332	4.9127	0.0000	2.7337	2.3483	2.0702	0.0000	5.1653	2.2727	0.0000	12.9279	6.6209	6.6708	4.6874	9.1971	0.0000	0.0000	0.0000	0.0000	5.5801	0.0000	8.5732	1.8198	7.6429	5.4340	0.0000	2.6219
CAN_4_bin.70	Phototrophicaceae.2_m	JAIOHN01	0.7286	0.0000	0.0000	0.8372	0.0000	3.1728	0.0000	0.0000	0.5074	0.2399	1.1392	0.3218	0.0000	0.4787	0.0000	0.4450	0.0000	0.0000	0.0000	0.0000	0.0000	1.2330	0.7703	0.0000	10.7403	0.1457	0.2130	0.3486	0.0000	1.5603	0.0000	0.0000	0.0000	1.2427	0.0000	0.0000	0.0000	0.6932	0.5610	0.4073	0.3598	0.0000
CAN_4_bin.72	Competibacter_A.1_m	Competibacter_A	0.2876	0.0000	0.0000	0.0000	1.0057	12.6743	34.6939	0.0000	0.1068	0.2342	0.0000	0.9122	0.0000	0.0000	12.2975	2.8750	99.8504	0.0000	0.0000	0.0000	1.4684	0.0000	0.1352	0.8436	0.0000	3.2734	1.2133	0.6054	0.1984	9.2654	0.3059	0.0000	0.0000	0.0000	0.6391	0.6987	0.0000	0.1366	0.2812	0.0762	0.0000	33.4915
CAN_4_bin.76	Dojkabacteria.1_m	Brojett037	0.0000	0.0000	0.0000	0.0000	0.0000	0.0000	0.0000	0.0000	0.0000	0.0000	0.0000	0.0000	0.0000	0.0000	0.0000	0.0000	0.0000	0.0000	0.0000	0.0000	0.0000	0.0000	0.0000	0.0000	0.0000	0.0000	0.0000	0.0000	0.0000	0.0000	0.0000	0.0000	0.0000	0.0000	0.0000	0.0000	0.0000	0.0000	0.0000	0.0000	0.0000	0.0000
CAN_4_bin.92	Ca_Flexifilum.1	Flexifilum	0.0000	0.0000	0.0000	0.5524	0.0000	0.0000	0.0000	0.0000	8.9159	0.0000	0.0000	0.0000	0.0000	0.4415	0.0000	0.3349	0.5214	0.0000	0.0000	0.0000	0.0000	0.4764	1.3953	0.0000	6.1074	0.6626	0.7534	1.4774	0.0000	0.0000	0.0000	0.0000	0.0000	0.0000	0.0000	0.0000	0.0000	1.3211	5.0222	0.0000	0.0000	0.4318
CAN_5_bin.1	Rhabdaerophilum.1_m	Rhabdaerophilum	1.3650	0.8776	0.6469	0.0000	1.2741	0.7622	1.1522	0.0000	3.1790	0.0000	0.0000	0.0000	0.0000	0.0000	0.0000	3.2180	0.0000	0.0000	0.0000	0.0000	1.3414	0.0000	3.0576	0.6582	12.8080	0.8114	0.8082	0.9930	0.8045	0.8998	0.0000	0.0000	0.0000	0.0000	0.6701	0.0000	1.0188	1.0169	1.4589	0.0000	0.0000	2.3220
CAN_5_bin.100	Ignavibacteriaceae.1_m	JAEXTR01	0.0000	0.0000	0.0000	0.0000	0.0000	0.0000	0.0000	4.6159	4.7099	0.0000	4.5090	2.8040	0.6901	1.7882	0.0000	3.0196	0.0000	0.0000	0.0000	0.0000	0.0000	3.6950	3.1417	0.0000	0.0000	2.2232	5.3092	2.9647	2.5141	4.5443	0.0000	0.0000	0.0000	11.1219	0.0000	0.0000	0.0000	22.0437	0.0000	0.0000	0.0000	0.0000
CAN_5_bin.106	Ca_Competibacter.139	Competibacter	159.1829	437.0352	199.1040	0.0000	491.7413	733.0284	249.4503	0.0000	851.5220	132.0790	494.5831	194.7976	218.5638	25.0694	151.9623	512.1418	257.2522	0.0000	0.0000	0.0000	1341.7535	96.2772	982.3759	0.0000	0.0000	203.3463	141.5222	144.7128	453.2506	265.2544	433.5181	0.0000	0.0000	0.0000	943.2450	166.7032	0.0000	89.9972	144.5299	0.0000	0.0000	0.0000
CAN_5_bin.112	Terrimonas.22	JJ008	0.0000	0.0000	0.0000	0.0000	0.0000	0.0000	0.0000	8.0644	18.5913	0.0000	11.3055	31.6900	0.0000	68.4194	9.2939	0.0000	0.0000	0.0000	0.0000	0.0000	0.0000	6.2144	8.9779	0.0000	0.0000	0.0000	0.0000	0.0000	0.0000	12.7056	0.0000	0.0000	0.0000	0.0000	0.0000	0.0000	0.0000	38.8294	0.0000	0.0000	0.0000	10.6166
CAN_5_bin.145	Bacteroidia.19	JAAFHL01	0.0000	0.0000	0.0000	5.1741	0.0000	0.0000	0.0000	1.7187	1.1991	0.0000	1.1245	1.0602	0.0000	0.5449	0.0000	1.3741	0.0000	0.0000	0.0000	0.0000	3.0222	0.0000	4.0462	0.0000	1.6526	0.0000	0.0000	0.0000	0.0000	1.1375	0.0000	0.0000	0.0000	0.0000	0.0000	0.0000	0.0000	2.1203	0.0000	0.0000	0.0000	0.0000
CAN_5_bin.146	Altimarinus.1_m	Altimarinus	0.0000	0.0000	0.0000	0.0000	0.0000	0.0000	0.0000	0.0000	0.0000	0.0000	0.0000	0.0000	0.0000	0.0000	0.0000	0.0000	0.0000	0.0000	0.0000	0.0000	0.0000	0.0000	0.0000	0.0000	0.0000	0.0000	0.0000	0.0000	0.0000	0.0000	0.0000	0.0000	0.0000	0.0000	0.0000	0.0000	0.0000	0.0000	0.0000	0.0000	0.0000	0.0000
CAN_5_bin.147	Terrimonas.3	SpSt-398	0.0000	0.0000	0.0000	0.0000	0.0000	0.0000	0.0000	25.5385	7.5077	0.0000	27.6268	5.3562	0.0000	32.8241	0.0000	12.4315	0.0000	0.0000	0.0000	0.0000	0.0000	23.6130	10.6781	25.3674	0.0000	0.0000	0.0000	0.0000	0.0000	23.9912	0.0000	0.0000	0.0000	0.0000	0.0000	0.0000	0.0000	69.1454	0.0000	0.0000	0.0000	0.0000
CAN_5_bin.149	Flavipsychrobacter.1_m	Flavipsychrobacter	0.3066	0.0000	0.0000	0.0000	0.0000	0.0000	0.0000	0.0000	1.5041	0.0000	0.0000	0.1374	0.0000	0.2106	0.0000	0.1256	0.3345	0.0000	0.0000	0.0000	0.0000	0.1961	1.6715	0.2865	0.2565	0.0000	0.0000	0.0000	0.0000	0.1311	0.0000	0.0000	0.0000	0.0000	0.5562	0.0000	0.0000	0.6742	0.0000	0.0000	0.0000	0.0000
CAN_5_bin.150	Paceibacteria.2_m	JAHFLJ01	0.0000	0.0000	0.0000	0.0000	0.0000	0.0000	0.0000	0.0000	0.0000	0.0000	0.0000	0.0000	0.0000	0.0000	0.2933	0.0000	0.0000	0.0000	0.0000	0.0000	0.0000	0.0000	0.0000	0.0000	0.2122	0.0000	0.0000	0.0000	0.0000	0.0000	0.0000	0.0000	0.0000	0.0000	0.0000	0.0000	0.0000	0.0000	0.0000	0.0000	0.0000	0.0000
CAN_5_bin.167	Ignavibacteria.21	OLB5	0.0000	0.0000	0.8892	0.0000	0.0000	0.0000	0.0000	0.1405	1.6128	0.0000	0.0000	1.8721	0.0000	0.0000	0.0000	0.2015	0.0000	0.0000	0.0000	0.0000	0.1649	1.1061	0.9455	0.0000	1.9441	1.9038	0.6627	0.9521	1.1110	2.2666	0.0000	0.0000	0.0000	2.3895	0.0000	0.0000	0.0000	1.3722	0.0000	0.0000	1.1506	0.4273
CAN_5_bin.169	Spirochaetota.1_m		0.0000	0.0000	1.1561	0.0000	0.0000	0.0000	0.0000	0.0000	0.0000	0.0000	0.2285	0.3258	0.0000	0.0000	0.0000	0.2352	2.3578	0.0000	0.0000	0.0000	0.0000	0.0000	0.0000	0.0000	0.0000	0.2775	0.8436	1.4911	0.0000	1.5641	0.0000	0.0000	0.0000	0.0000	0.0000	0.0000	0.0000	1.2726	0.0000	0.0000	0.0000	0.5775
CAN_5_bin.173	Bacteroidia.11	JAKRSD01	0.4117	0.0000	0.0000	0.0952	0.0000	0.0000	0.0000	0.0000	0.5819	0.0000	0.0000	0.0000	0.0000	0.3907	0.0000	0.2099	0.0000	0.0000	0.0000	0.0000	1.1713	0.0000	1.1536	0.0000	0.0722	0.0000	0.0000	0.0000	0.0000	0.0720	0.0000	0.0000	0.0000	0.0000	0.0000	0.0000	0.0000	1.2294	0.0000	0.0000	0.0000	0.0000
CAN_5_bin.177	Lysobacter.2	SCMT01	21.8654	0.0000	0.0000	0.0000	0.0000	0.0000	0.0000	0.0000	35.6004	0.0000	9.9017	8.4898	0.0000	0.0000	0.0000	16.4260	35.7731	0.0000	20.6686	0.0000	0.0000	0.0000	62.0623	22.3761	9.0546	8.7883	5.8877	12.1201	36.7662	19.1663	0.0000	0.0000	0.0000	0.0000	13.5592	11.8127	11.4624	15.1201	13.4468	24.2503	0.0000	11.9459
CAN_5_bin.180	Anaerolineaceae.24	UBA6170	0.0000	2.4179	0.6523	0.1795	0.1971	0.3599	0.7870	0.0000	1.6739	0.0000	0.1508	0.0000	0.0000	1.8926	0.0000	0.2760	0.0000	0.0000	0.0000	0.0000	0.1212	0.1212	0.0000	0.0000	2.0297	1.1686	0.4131	0.8360	0.2277	0.4117	0.0000	0.0000	0.0000	0.1997	0.0000	0.0000	0.0000	0.1714	0.5111	2.0990	0.8226	0.5719
CAN_5_bin.2	Rhodospirillales.3		3.9937	0.0000	0.0000	0.0000	3.2087	5.2388	2.8863	0.0000	2.4332	0.0000	0.0000	0.0000	0.0000	0.0000	2.5995	0.0000	0.0000	0.0000	0.0000	0.0000	0.0000	0.0000	0.0000	0.0000	0.0000	0.0000	0.0000	0.0000	0.0000	0.0000	0.0000	0.0000	0.0000	0.0000	3.3220	0.0000	5.2419	0.0000	0.0000	0.0000	0.0000	0.0000
CAN_5_bin.40	Giesbergeria.1_m	Giesbergeria	7.6527	18.9426	3.7179	0.0000	2.9043	5.6585	9.4846	3.1610	53.6925	11.2047	0.0000	0.0000	0.0000	0.0000	5.5744	14.6117	0.0000	0.0000	5.6420	0.0000	0.0000	0.0000	7.5811	5.1899	66.3873	9.0201	9.4791	9.7160	5.4912	23.8192	5.3179	0.0000	0.0000	0.0000	4.4361	10.0883	11.3375	24.5844	5.3014	13.6123	0.0000	0.0000
CAN_5_bin.52	Beijerinckiaceae.1_m		0.0000	6.9131	3.9059	0.0000	0.0000	0.0000	0.0000	0.0000	13.5891	0.0000	2.3003	2.3558	0.0000	2.9915	0.0000	4.4248	2.5955	0.0000	0.0000	0.0000	19.8243	0.0000	13.6723	2.6838	0.0000	4.6819	3.9714	4.4478	5.0078	3.9720	0.0000	12.3516	5.3834	0.0000	15.2103	0.0000	4.3242	0.0000	4.9187	0.0000	0.0000	3.8277
CAN_5_bin.62	Ca_Caldilinea.2	Caldilinea	0.0000	0.0000	2.3225	3.1535	0.0000	0.0000	0.0000	3.3268	4.5827	0.0000	2.1291	3.0989	0.0000	0.5728	0.0000	1.0856	0.8218	0.0000	0.0000	0.0000	5.1238	1.9649	4.1874	0.0000	19.1135	1.4525	1.2279	2.2901	0.7960	2.1667	0.0000	0.0000	0.0000	1.1621	0.0000	0.0000	0.0000	1.8635	1.0738	0.0000	0.7395	0.0000
CAN_5_bin.70	Azonexus.12	Azonexus	15.1108	8.8842	29.5890	0.0000	0.0000	0.0000	0.0000	13.0043	65.2698	0.0000	7.8743	8.2650	0.0000	10.1124	21.5582	20.8268	8.3325	0.0000	0.0000	0.0000	9.3760	0.0000	27.6014	8.9484	0.0000	0.0000	0.0000	0.0000	0.0000	23.1978	0.0000	14.2886	26.2682	0.0000	102.5499	0.0000	0.0000	0.0000	0.0000	17.0259	0.0000	30.6818
CAN_5_bin.9	Villigracilaceae.1_m	UBA5195	0.0000	1.1709	0.8185	0.4641	0.0000	0.0000	0.0000	0.0000	2.8337	0.0000	0.6545	0.0000	0.5974	0.2779	0.0000	0.2051	0.2244	0.0000	0.0000	0.0000	0.1971	0.3552	1.6735	0.0000	3.4890	1.6337	1.3422	1.5225	2.1366	1.7504	0.0000	0.0000	0.0000	0.6181	0.0000	0.0000	0.0000	0.7381	1.4046	0.0000	0.2400	0.0000
CAN_5_bin.90	Gracilibacteria.25	UBA5532	0.0000	0.0000	0.0000	0.0000	0.0000	0.0000	0.0000	0.0000	0.0000	0.0000	0.0000	0.0000	0.0000	0.0000	0.0000	0.0000	0.0000	0.0000	0.0000	0.0000	0.0000	0.0000	0.0000	0.0000	0.0000	0.0000	0.0000	0.0000	0.0000	0.0000	0.0000	0.0000	0.0000	0.0000	0.0000	0.0000	0.0000	0.0000	0.0000	0.0000	0.0000	87.1975
CAN_5_bin.97	Azospira.1	UBA1934	0.3501	0.1757	0.4827	0.0000	0.0000	0.0000	0.0000	0.0000	1.5314	0.0000	0.0000	0.0000	0.0000	0.0000	0.3801	0.2713	0.0000	0.0000	0.0000	0.0000	0.5310	0.0000	0.1876	0.0000	0.0000	0.3329	0.3958	0.3302	0.3745	0.3291	0.0000	0.0000	0.0000	0.0000	3.6386	0.0000	0.3863	0.4032	0.5375	0.0000	0.0000	0.0000
coasm_bin.10	Leptovillus.1_m	Leptovillus	0.0000	0.0000	0.4739	1.5949	0.0000	0.0000	0.0000	1.7400	5.1226	0.0000	1.0549	2.8543	0.0000	0.4356	0.3975	0.4259	0.6237	0.0000	0.0000	0.0000	0.3383	0.3383	0.7265	1.0426	5.4025	8.8288	1.9576	2.1819	2.9661	1.8837	0.3272	0.0000	0.0000	0.5747	0.0000	0.0000	0.0000	1.0493	2.7449	0.5150	2.2331	0.9300
coasm_bin.103	Phototrophicaceae.3_m	JALHNB01	0.0000	0.0000	0.0000	1.0894	0.0000	0.0000	0.0000	0.0000	0.4060	0.0000	0.1042	0.2254	0.0000	0.0000	0.0000	0.1932	0.0000	0.0000	0.0000	0.0000	0.0000	0.9559	0.3558	0.0000	3.2828	0.3604	0.4341	0.6515	0.0000	0.2366	0.6416	0.0000	0.0000	0.0000	0.0000	0.0000	0.0000	0.4896	0.2809	0.0000	0.0000	0.0000
coasm_bin.105	Rhodobacter.5	JAAKGP01	0.0557	0.0000	0.0000	0.7395	0.0000	0.0000	0.0000	0.0000	1.0773	0.6784	0.0849	0.0798	0.0000	0.1463	0.0000	0.1379	0.2543	0.0000	0.0000	0.0000	0.4452	0.0000	0.0963	0.0000	2.3554	0.3218	0.1635	0.2087	0.4023	0.6479	0.7828	0.0000	0.0000	0.0000	0.0000	1.3334	0.0000	0.1055	0.0000	0.0000	0.0000	2.6238
coasm_bin.108	Tabrizicola.1_m	Tabrizicola	0.2069	0.0000	0.0000	0.0000	0.0000	0.0000	0.0000	0.4536	1.5354	0.0000	0.2000	0.2777	0.0000	1.4240	0.2106	0.2565	0.5861	0.0000	0.0000	0.0000	0.9457	0.0000	2.6729	2.1754	3.1652	0.2178	0.3717	0.3211	0.3404	0.4758	0.7622	0.0000	0.0000	0.0000	0.3017	0.3574	0.3260	1.5437	0.8146	0.8643	0.0000	1.0471
coasm_bin.110	Leptonema.1	Leptonema	0.2130	0.1149	0.3206	0.0000	0.0000	0.0000	0.0000	0.1283	1.8317	0.0000	0.2818	0.0000	0.0000	0.0000	0.0000	0.0000	0.7498	0.0000	0.0000	0.0000	0.2862	0.0000	0.4299	0.0000	0.0000	0.0000	0.0000	0.0000	0.0000	0.4463	0.6000	0.0000	0.0000	0.0000	0.0000	0.1744	0.0000	0.1889	0.0000	0.0781	0.0000	1.0375
coasm_bin.112	Microgenomatia.1_m	UBA927	0.0000	0.0000	0.0000	0.0000	0.0000	0.0000	0.0000	0.0000	0.0926	0.0000	0.0000	0.0000	0.0000	0.1060	0.0000	0.0000	0.0000	0.0000	0.0000	0.0000	0.0000	0.0000	0.0878	0.0000	0.0808	0.0000	0.0000	0.0000	0.0000	0.0000	0.1583	0.0000	0.0000	0.0000	0.0000	0.0000	0.0000	0.0000	0.0000	0.0000	0.0000	0.0000
coasm_bin.114	Sphingobacteriales.16	UBA2475	0.6484	0.0000	0.0000	0.0000	0.0000	0.0000	0.0000	0.2512	1.3997	0.0000	0.0000	0.0000	0.0000	0.4844	0.0000	0.2369	0.0000	0.0000	0.0000	0.0000	0.2897	0.0000	0.1673	1.2930	0.5898	0.0000	0.0000	0.0000	0.0000	0.1857	0.0000	0.0000	0.0000	0.0000	0.2276	0.0000	0.0000	0.7785	0.0000	0.0000	0.0000	0.0000
coasm_bin.115	Phototrophicaceae.4_m	GCA-2794515	0.0000	0.0000	0.0000	0.6958	0.0000	0.0000	0.0000	0.0000	0.9457	0.0000	0.0000	0.3213	0.0000	0.0000	0.0000	0.0000	0.0000	0.0000	0.0000	0.0000	0.0000	0.0000	0.1298	0.0000	4.8409	0.8264	0.0000	0.5234	0.0000	0.2253	0.0000	0.0000	0.0000	0.0801	0.0000	0.0000	0.0000	0.1710	0.3081	0.0000	0.3168	0.0000
coasm_bin.117	Chitinophagaceae.1_m	JAFLBI01	0.0000	0.0000	0.0000	0.0000	0.0000	0.0000	0.0000	0.0000	0.0000	0.0000	0.0000	0.1311	0.0000	0.3034	0.0000	0.0000	0.0000	0.0000	0.0000	0.0000	0.0690	0.2567	0.0000	0.0644	0.0658	0.0000	0.0000	0.0000	0.0000	0.2832	0.0000	0.0000	0.0000	0.0000	0.0000	0.0000	0.0000	0.2392	0.0000	0.0000	0.0000	0.0000
coasm_bin.118	Beijerinckiaceae.2_m	GCA-013693735	0.2810	0.0000	0.0000	0.0000	0.0000	0.0000	0.0000	0.0000	3.1324	0.0000	0.2980	1.5122	0.0000	0.3059	0.0000	0.2259	0.0000	0.0000	0.0000	0.0000	0.8215	0.0000	1.3103	0.8363	6.0082	0.5835	0.3730	0.4123	0.5981	0.3822	0.0000	0.5679	0.7139	0.0000	0.1253	0.0000	0.6424	0.2698	0.4507	0.0000	0.0000	0.4990
coasm_bin.121	Sphingobacteriales.13	UBA2475	0.4071	0.0000	0.0000	0.0000	0.0000	0.0000	0.0000	0.5452	0.6505	0.0000	0.0000	0.0000	0.0000	0.4705	0.0000	0.1590	0.0000	0.0000	0.0000	0.0000	0.7541	0.0000	0.3093	0.0000	1.5465	0.0000	0.0000	0.0000	0.0000	0.2685	0.8985	0.0000	0.0000	0.0000	0.5172	0.4221	0.0000	0.7372	0.0000	0.0000	0.0000	0.0000
coasm_bin.125	Flavobacterium.1_m	Flavobacterium	0.0000	0.0000	0.0000	0.0000	0.0000	0.0000	0.0000	0.0000	0.0000	0.0000	0.0000	3.0840	0.0000	0.0000	0.0000	0.8927	0.0000	0.0000	0.0000	0.0000	0.0000	0.0000	4.2244	2.6114	0.0000	0.0000	0.0000	0.0000	0.0000	2.1382	0.0000	0.0000	0.0000	0.0000	0.0000	0.0000	0.0000	0.9560	0.0000	0.0000	0.0000	0.0000
coasm_bin.13	Bryobacter.14	JACTMJ01	1.1543	0.0000	0.2329	0.3403	0.0000	0.0000	0.0000	0.0000	0.0000	0.0000	0.0000	0.1097	0.0000	0.8518	0.2176	0.2445	0.3745	0.0000	0.0000	0.0000	0.3336	0.0000	0.0000	0.0000	0.0000	0.0000	0.0000	0.0000	0.0000	0.0000	0.0000	0.0000	0.0000	0.3049	0.0000	0.7703	0.0000	0.5172	0.1835	0.0000	0.3609	0.0000
coasm_bin.131	Azoarcus.1	Azoarcus_F	0.3966	0.0000	0.0000	0.0000	1.5615	2.4366	3.8988	0.0000	3.1164	0.0000	0.0000	0.1644	0.0000	0.0000	0.1463	0.2212	0.0420	0.0000	0.0000	0.0000	0.3712	0.0000	0.4129	0.1957	0.0889	0.0000	0.0000	0.0000	0.1308	0.0000	0.1724	0.0853	0.1439	0.0000	0.1122	0.0944	0.0000	0.1537	0.0734	0.1051	0.0000	0.0000
coasm_bin.132	Cyclobacteriaceae.1_m	ELB16-189	0.0000	0.0000	0.0000	2.1912	0.0000	0.0000	0.0000	0.9142	1.9048	0.0000	1.1018	0.5470	0.0000	0.5949	0.0000	0.5997	0.0000	0.0000	0.0000	0.0000	2.2409	0.0000	0.7045	0.0000	0.0000	0.0000	0.0000	0.0000	0.0000	0.0000	0.0000	0.0000	0.0000	0.0000	0.0000	0.0000	0.0000	2.5184	0.0000	0.0000	0.0000	0.0000
coasm_bin.133	Kaistella.1_m	Kaistella	0.0000	0.0000	0.0000	0.0000	0.0000	0.0000	0.0000	0.0000	4.2384	0.0000	0.0000	1.0818	0.0000	0.5968	0.0000	0.0000	0.0000	0.0000	0.0000	0.0000	2.0108	0.0000	1.2637	1.1051	0.0000	0.0000	0.0000	0.0000	0.0000	18.0210	0.1028	0.0000	0.0000	0.0000	0.0000	0.1604	0.0000	1.5608	0.0000	0.0000	0.0000	0.0000
coasm_bin.134	Lysobacter_B.1_m	Lysobacter_B	3.7449	0.0000	0.0000	0.6359	0.0000	0.0000	0.0000	0.0000	2.2187	0.0000	0.0000	0.0000	0.0000	0.0000	0.0000	0.6498	0.0000	0.0000	0.6731	0.0000	0.0000	0.0000	0.4103	0.0000	0.0000	0.8860	0.8045	0.7454	1.1831	1.5721	0.0000	0.0000	0.0000	0.0000	1.4948	0.4248	1.9683	0.3486	1.6090	0.0000	0.0000	0.0000
coasm_bin.135	Flavipsychrobacter.2_m	Flavipsychrobacter	0.7240	0.0000	0.0000	0.0000	0.0000	0.0000	0.0000	0.0000	0.0000	0.0000	0.0000	0.0000	0.0000	0.3068	0.0000	0.2925	0.0000	0.0000	0.0000	0.0000	0.0000	0.1538	0.1929	0.0000	0.0000	0.0000	0.0000	0.0000	0.0000	0.5826	0.7454	0.0000	0.0000	0.0000	0.0000	0.2791	0.0000	0.3675	0.0000	0.0000	0.0000	0.0000
coasm_bin.138	Hyphomicrobiaceae.1_m	JABFRJ01	0.4055	0.0947	0.4369	0.0000	1.9452	2.5406	0.8312	0.0000	2.9584	0.2378	0.0000	0.0000	0.0000	0.0000	0.0302	0.1824	0.0000	0.0000	0.0000	0.0000	0.1286	0.0000	0.2314	0.0466	2.2373	0.3448	0.5028	0.1984	0.1658	0.4805	0.0000	0.6758	0.5106	0.0000	0.1541	0.0000	0.0000	0.1609	0.1997	0.0000	0.0000	0.3033
coasm_bin.139	Planctomycetota.15	UBA2386	0.0000	0.0000	0.0000	0.0000	0.0000	0.0000	0.0000	0.4201	0.7879	0.0000	0.2311	0.0000	0.0000	0.6265	0.0000	0.5344	0.0000	0.0000	0.0000	0.0000	0.1515	0.0000	0.4470	0.0000	0.4200	0.5653	0.4326	0.4173	0.4487	0.8511	0.0000	0.0000	0.0000	0.0000	0.0000	0.0000	0.0000	0.9896	0.7044	0.0000	0.0000	0.0000
coasm_bin.142	Sphingobacteriales.30	OLB10	1.6618	0.0000	0.0000	4.0687	0.0000	0.0000	0.0000	3.2604	0.9212	0.0000	0.0000	0.0000	0.0000	0.9948	0.0000	0.0000	0.0000	0.0000	0.0000	0.0000	0.0000	4.4038	1.4271	0.0000	1.3012	1.5243	3.5615	3.0432	1.5993	2.5707	1.3802	0.0000	0.0000	0.0000	0.0000	1.8101	0.0000	2.8313	0.0000	0.0000	0.0000	0.0000
coasm_bin.147	Holophaga.1_m	Holophaga	0.0000	0.1320	0.0000	0.0000	0.0000	0.0000	0.0000	0.0000	0.6651	0.3117	0.4647	1.1348	0.0000	1.4547	0.4053	0.0000	0.2110	0.0000	0.0000	0.0000	0.3355	0.0000	0.5007	0.2989	0.2096	1.4259	0.4165	1.3351	1.3225	1.3172	0.0000	0.0000	0.0000	0.1879	0.0000	0.2094	0.0000	0.4687	0.3697	0.0000	0.9847	0.0000
coasm_bin.15	Sulfuritalea.1_m	Sulfuritalea	4.1879	0.3057	1.3228	0.0000	0.0000	0.0000	0.0000	0.3507	8.7294	0.0000	1.3816	1.1659	0.0000	0.5585	0.8299	0.6436	0.0000	0.0000	0.0000	0.0000	0.7378	0.7461	0.7076	0.2277	0.0000	0.7185	0.6148	0.6092	0.5476	0.5282	0.0000	0.3407	1.1062	0.0000	1.2466	0.0000	0.0000	0.6956	0.9827	0.8007	0.0000	1.3353
coasm_bin.150	Ignavibacterium.5	JAGUXE01	0.0000	0.0000	0.0000	0.0000	0.0000	0.0000	0.0000	0.0000	1.9569	0.0000	0.6499	0.4109	0.4130	2.1120	0.5363	0.2259	0.6122	0.0000	0.0000	0.0000	0.9513	0.8928	0.4525	0.0000	0.0000	0.6582	0.5469	0.6187	0.4994	0.7942	0.0000	0.0000	0.0000	0.9946	0.0000	0.0000	0.0000	1.3286	0.0000	0.0000	1.0350	0.4597
coasm_bin.153	Phycisphaeraceae.20	JAFEBO01	0.0000	0.0000	0.4691	0.0000	0.0000	0.0000	0.0000	0.3526	0.4729	0.0000	0.6296	0.7052	0.2360	0.3291	0.2256	0.7055	0.0000	0.0000	0.2606	0.3314	0.0000	0.3745	1.0691	0.0000	0.0000	0.4060	0.2647	0.3949	0.6488	0.4487	0.0000	0.0000	0.0000	1.0839	0.0000	0.0000	0.0000	0.0000	0.2982	0.0000	0.5215	0.0000
coasm_bin.156	Saprospiraceae.3	M3007	0.8788	0.0000	0.0000	1.3383	0.0000	0.0000	0.0000	2.8605	1.4175	0.0000	0.9325	1.1099	0.0000	3.0988	0.4435	1.3511	0.0000	0.0000	0.0000	0.0000	2.1539	0.0000	0.7346	0.0000	0.9521	0.0000	0.0000	0.0000	0.0000	0.9563	0.0000	0.0000	0.0000	0.0000	0.0000	0.0000	0.0000	6.9710	0.0000	0.0000	0.0000	0.0000
coasm_bin.157	Gammaproteobacteria.1_m	SHZI01	0.0000	0.0000	0.0000	0.0000	0.2908	0.4070	0.0000	0.3250	0.5410	0.0000	0.3873	0.7361	0.0000	0.1752	0.0000	0.1985	0.5022	0.0000	0.0000	0.0000	0.2704	0.0000	0.0000	0.0000	0.0000	0.0000	0.0000	0.0000	0.0000	0.6849	0.5043	0.0000	0.0000	0.0000	0.3338	3.7577	0.0000	0.2189	0.5375	0.2672	0.0000	0.5665
coasm_bin.161	Planctomycetota.9	UBA2392	0.0000	0.0000	1.4945	0.0000	0.3047	0.5949	0.9013	0.0000	1.6189	0.0000	0.0000	0.0000	0.0000	0.0000	0.0000	0.3419	0.0000	0.0000	0.0000	0.0000	0.0000	0.7477	0.7389	0.0000	1.0100	0.4510	0.0000	0.3439	0.6070	0.6107	0.0000	0.0000	0.0000	0.7622	0.0000	0.3421	0.0000	0.0000	1.3107	0.4676	1.0990	0.7977
coasm_bin.171	Inhella.3	Inhella	0.5058	0.2274	0.2646	0.0000	0.3210	0.4846	1.0299	0.2242	1.4717	0.2659	0.2178	0.0000	0.0000	0.2460	0.3172	0.4173	0.2568	0.0000	0.0000	0.0000	0.2008	0.0000	0.6097	0.5928	2.1483	0.6284	0.7036	0.6498	0.6162	0.7483	0.3569	0.9186	1.0861	0.0000	0.4057	0.1841	0.3422	0.2263	0.8108	0.2974	0.0000	1.0873
coasm_bin.178	Ancalomicrobiaceae.2_m	CALBKH01	1.1596	0.7011	5.8614	0.0000	0.0000	0.0000	0.0000	2.9862	5.3728	0.0489	1.0735	1.2930	0.5466	0.3575	3.7760	3.0246	0.0000	0.0000	0.0000	0.0000	3.1058	0.0000	2.2581	0.7195	3.5262	1.1119	0.3448	1.6571	1.7291	1.7667	2.7812	0.6519	1.5550	0.0000	1.8175	1.1475	7.4155	1.4295	3.6644	0.5755	0.0000	2.1754
coasm_bin.181	Anaerolineae.1_m	JAAEKA01	0.0000	0.0000	0.0000	0.1578	0.7090	0.0000	0.4827	0.5859	1.2101	0.0000	0.4220	0.6073	0.0000	0.0000	0.0000	0.2890	0.1598	0.0000	0.0000	0.0000	0.5757	1.3643	0.5967	0.0000	2.0435	0.7390	0.9560	0.5044	0.8528	0.8455	1.3033	0.0000	0.0000	0.2651	0.0000	0.0000	0.0000	0.6444	0.7180	0.0000	0.5846	0.4344
coasm_bin.183	Gemmatimonas.3	JAABRT01	0.0000	0.0000	0.4135	0.1931	0.0000	0.0000	0.0000	0.1318	0.1971	0.0000	0.2147	0.0872	0.0000	0.2151	0.1586	0.1081	0.0000	0.0000	0.0000	0.0000	0.0000	0.3806	0.1104	0.0000	0.6500	0.2796	0.1827	0.1473	0.4837	0.3776	16.1129	0.0000	0.0000	0.0000	0.0000	0.1182	0.0000	0.1426	0.1810	0.0000	0.0000	0.4287
coasm_bin.185	Ca_Accumulibacter.8	Accumulibacter	82.1574	54.5548	144.7417	0.0000	0.0000	0.0000	0.0000	52.6030	240.4348	62.2722	367.8801	169.5303	0.0000	58.2560	59.9264	134.6596	215.3527	0.0000	63.2951	58.5420	58.7961	68.5139	117.7111	62.8484	0.0000	80.5618	70.5271	75.2827	112.0639	157.5061	0.0000	53.8487	111.2546	0.0000	284.1229	55.8940	163.4045	76.8640	156.8073	115.3311	0.0000	229.4690
coasm_bin.188	Bacteroidales.13	UBA5072	0.3803	0.0000	0.0000	0.8216	0.0000	0.0000	0.0000	0.0000	0.0000	0.0000	0.2361	0.5247	0.2672	0.4055	0.2688	0.5963	0.0000	0.0000	0.2729	0.0000	0.4057	0.0000	0.3402	0.0000	0.0000	0.6868	0.7276	0.8624	0.4344	2.0018	0.0000	0.0000	0.0000	0.0000	0.0000	0.1648	0.0000	1.9136	0.9729	0.0000	0.3780	1.8127
coasm_bin.196	Beijerinckiaceae.3_m	JAIUNP01	1.8201	0.3355	1.0703	0.0000	0.0000	0.0000	0.0000	1.3340	2.3031	0.9403	0.1996	0.4486	0.0000	0.0000	0.2234	0.2911	0.0000	0.0000	0.0000	0.0000	0.9223	0.0000	1.4129	0.3407	3.9827	0.5116	0.3544	0.4007	0.5414	0.7622	0.4442	0.1445	0.6498	0.0000	0.6182	8.9668	0.7490	0.3904	0.5854	0.2109	0.0000	0.3764
coasm_bin.2	Ottowia.1_m	Ottowia	2.7652	0.8936	1.0696	0.0000	1.0281	1.7361	1.2238	0.0000	11.6027	4.0093	0.0000	0.0000	0.0000	0.0000	1.5855	2.2924	0.0000	0.0000	1.7505	0.0000	0.9121	0.0000	0.8365	1.3988	12.9581	1.1393	1.2877	1.1568	1.5063	0.9357	2.0249	0.0000	0.0000	0.0000	29.2359	2.4367	4.4939	1.7805	1.7562	2.3984	0.0000	2.4481
coasm_bin.201	Prosthecobacter.3	Prosthecobacter	0.0000	0.0000	0.0000	1.0016	0.0000	0.0000	0.0000	0.0000	0.4561	0.0000	0.4087	0.4330	0.0000	0.0000	0.0000	0.3223	0.3876	0.0000	0.0000	0.0000	0.0000	0.0000	0.4165	0.0000	0.7327	0.6057	0.0000	0.3509	0.4023	0.3194	0.8216	0.0000	0.4909	0.0000	0.0000	0.3305	0.0000	1.3001	1.1469	0.0000	0.0000	0.4481
coasm_bin.202	Albidovulum.1_m	Albidovulum	0.5086	0.1338	0.5871	0.0000	0.0000	0.0000	0.0000	0.1631	1.7845	0.1905	0.1128	0.0000	0.0000	0.1969	0.0000	0.2507	0.2154	0.0000	0.0000	0.0000	0.1428	0.0000	0.4348	0.1604	2.7212	0.2178	0.1189	0.1445	0.3938	0.2947	0.5275	0.0000	0.0000	0.0000	1.5587	0.2546	0.0515	0.2896	0.5081	0.2463	0.0000	0.9380
coasm_bin.203	Fuscibacter.1_m	Fuscibacter	0.8234	1.2295	0.6428	0.6320	0.0000	0.0000	0.0000	0.4556	6.5339	0.9091	0.9488	0.4542	0.0000	0.7343	1.0803	0.5743	0.5139	0.0000	0.0000	0.0000	4.5916	0.0000	2.3318	1.5688	7.0101	0.3703	0.8598	0.3811	0.3598	1.7609	0.4912	0.0000	0.0000	0.0000	0.4249	0.6508	0.7027	1.0018	0.5005	0.0000	0.0000	2.6283
coasm_bin.206	Oligoflexia.6	JAIEMT01	0.0000	0.0000	0.0000	0.0000	0.0000	0.0000	0.0000	0.0000	0.0731	0.0000	0.0000	0.0000	0.0000	0.0000	0.0000	0.0000	0.0000	0.0000	0.0000	0.0000	0.1091	0.6415	0.0000	0.0000	0.9438	0.0000	0.0000	0.0000	0.0000	0.0000	0.0000	0.0000	0.0000	0.0000	0.0000	0.0000	0.0000	0.0000	0.0000	0.0000	0.0000	0.0000
coasm_bin.207	Treponematales.1_m	UBA5200	0.0000	0.0000	0.0000	0.0000	0.0000	0.0000	0.0000	0.0000	1.4633	0.5052	0.2996	0.0000	0.0000	0.3464	1.7917	0.3515	0.4383	0.0000	0.0000	0.0000	0.7569	0.7569	0.0000	0.0000	4.3670	0.4810	0.4861	0.4679	0.2603	0.0000	0.0000	0.0000	0.0000	0.0000	0.0000	0.0000	0.0000	1.3200	0.3768	0.0000	0.0000	0.0000
coasm_bin.208	Niveibacterium.1	Niveibacterium	0.6449	1.0472	0.7070	0.0000	0.0000	0.0000	0.0000	0.2238	34.0421	127.7328	0.8045	0.7284	0.7590	0.1475	148.7714	94.1598	0.9212	0.0000	0.0000	0.0000	0.1618	0.0000	0.3752	0.1948	0.4660	180.9708	149.3026	157.4848	0.3845	303.6236	0.2509	0.9038	0.0000	0.0000	0.8581	0.4921	0.0000	0.2304	0.4277	0.5935	0.0000	0.6254
coasm_bin.209	Herpetosiphon.4	Herpetosiphon	0.0000	0.0000	0.0000	0.6256	0.0000	0.0000	0.0000	0.0000	0.1316	0.0000	0.5109	0.0774	0.0000	0.2398	0.0000	0.6992	0.0000	0.0000	0.0000	0.0000	0.0000	0.9823	0.0000	0.0000	1.5252	0.5478	0.1349	0.1042	0.5840	0.0000	0.0000	0.0000	0.0000	0.0000	0.0000	0.0000	0.0000	0.4754	0.0000	0.0000	0.0000	0.0000
coasm_bin.213	Flavipsychrobacter.3_m	Flavipsychrobacter	0.5320	0.0000	0.0000	0.7678	0.0000	0.0000	0.0000	0.8095	0.2824	0.0000	0.3049	0.0000	0.0000	0.1865	0.0000	0.1707	0.0000	0.0000	0.0000	0.0000	0.0000	0.1817	0.4023	0.0000	0.2234	0.0000	0.0000	0.0000	0.0000	0.0000	0.2309	0.0000	0.0000	0.0000	0.6153	0.4425	0.0000	0.7876	0.0000	0.0000	0.0000	0.0000
coasm_bin.214	Desulfobacillus.2_m	Desulfobacillus	4.0747	1.1491	3.6203	0.0000	0.0402	0.0736	0.0000	1.5637	15.9504	0.0000	0.9019	0.9298	0.0000	1.0137	0.0000	1.5145	0.0000	0.0000	0.0000	0.0000	1.5594	0.5041	3.8140	1.8187	0.0000	1.7827	1.2367	1.4810	1.8566	1.3740	0.0000	0.6411	2.0217	0.0000	3.5765	1.6484	5.5820	1.7047	2.0552	0.0000	0.0000	0.0000
coasm_bin.215	Chiayiivirga.1_m	Chiayiivirga	2.7814	0.0000	0.0000	3.3248	1.6781	1.7870	0.7361	0.0000	2.4971	0.0000	0.0000	0.0000	0.0000	0.0000	0.0000	0.7729	0.0000	0.0000	1.2638	1.6468	0.0000	0.0000	0.9444	0.0000	0.0000	0.0000	0.0000	0.0000	0.0000	0.0000	0.0000	0.0000	0.0000	0.0000	1.0344	2.1244	0.9219	1.5960	0.7700	1.2965	0.0000	1.9676
coasm_bin.218	Micropepsaceae.1_m	JADZAI01	0.6095	0.0000	0.0000	0.0000	0.0000	0.0000	0.0000	0.0000	5.4092	0.0000	0.0000	0.0000	0.0000	0.0000	0.0000	0.4174	0.0000	0.0000	0.0000	0.0000	0.7271	0.0000	0.5388	0.0000	2.7752	0.6206	0.4890	1.5020	0.9127	1.2894	0.0000	0.0000	0.0000	0.0000	1.1575	0.6419	0.5676	1.7184	1.4297	0.0000	0.0000	0.0000
coasm_bin.219	Paracoccus.13	Paracoccus	0.4293	0.1786	0.5037	0.0000	0.0000	0.0000	0.0000	0.0000	4.8687	0.5749	0.1989	1.7638	0.0000	0.2287	0.6064	0.0000	0.2105	0.0000	0.4301	0.6389	0.5792	0.0000	1.6164	0.2639	0.8972	0.0000	0.0000	0.0000	0.0000	0.0000	0.0000	0.0000	0.0000	0.0000	0.8381	0.0000	1.4829	0.7490	0.0000	0.0000	0.0000	1.0682
coasm_bin.22	Leptolinea.4	Leptolinea	0.0000	0.0000	0.0000	0.1238	0.0000	0.0000	0.0000	0.0000	1.2578	0.0000	0.4475	0.0000	0.0886	0.2431	0.0000	0.0000	0.0000	0.0000	0.0000	0.0000	0.0000	0.0000	0.0000	0.0000	3.9822	0.5172	0.3117	0.6901	0.0000	0.4666	0.0000	0.0000	0.0000	0.0000	0.0000	0.0000	0.0000	0.7128	0.8698	0.0000	0.0000	0.2151
coasm_bin.221	Microgenomatia.2_m	1-14-0-10-56-10	0.0000	0.0000	0.0000	0.0000	0.0000	0.0000	0.0000	0.0000	0.0000	0.0000	0.1549	0.0000	0.0000	0.0000	0.0000	0.0000	0.0000	0.0000	0.0000	0.0000	0.0000	0.0000	0.0000	0.0000	0.2712	0.0000	0.0000	0.0000	0.0000	0.0000	0.0000	0.0000	0.0000	0.0000	0.0000	0.0000	0.0000	0.0000	0.0000	0.0000	0.0000	0.0000
coasm_bin.222	Zoogloea.2	Zoogloea	1.9054	1.1355	2.8528	0.0000	0.0000	0.0000	0.0000	1.0088	7.0330	0.0000	0.5595	0.0000	0.0000	0.5341	3.5292	1.3752	0.0000	0.0000	0.0000	0.8953	1.0437	0.0000	2.8119	0.4433	0.0000	1.4426	1.3392	1.3635	1.6381	1.3125	9.4128	4.0930	1.2484	0.0000	3.7203	1.9376	3.7616	1.1609	2.3291	0.8325	0.0000	1.5751
coasm_bin.223	Rhodocyclaceae.1_m	UBA1934	0.0000	0.0791	0.4650	0.0000	0.0000	0.0000	0.0000	0.0000	0.0000	0.0000	0.0000	0.0000	0.0000	0.0000	0.0000	0.3388	0.0000	0.0000	0.0000	0.0000	0.1094	0.0000	0.1679	0.0000	0.0000	0.1942	0.1164	0.1887	0.2185	0.1316	0.0000	0.3480	0.0000	0.0000	0.1166	0.0000	0.0000	0.1512	0.2529	0.0000	0.0000	0.0000
coasm_bin.226	Arenimonas.7	Arenimonas	0.0000	0.0000	0.0000	0.6013	0.0000	0.0000	0.0000	0.0000	0.6724	0.0000	0.0000	0.0000	0.0000	0.0000	0.0000	0.3552	0.1194	0.0000	0.3412	0.2848	0.0000	0.0000	0.0000	0.0000	0.0000	1.2548	0.6963	2.6180	0.8769	2.3645	0.0000	0.0000	0.0000	0.0000	0.0000	0.3227	0.0000	0.3958	0.4075	0.2876	0.0000	0.0000
coasm_bin.231	Bryobacter.8	JACTMJ01	0.0000	0.0000	0.7083	0.0000	0.4291	0.6265	1.1235	0.0000	0.0000	0.0000	0.5522	0.8006	0.0000	0.5335	0.5753	0.4487	0.4902	0.0000	0.0000	0.0000	1.2535	0.0000	0.5164	0.0000	0.0000	0.0000	0.0000	0.0000	0.0000	0.0000	0.0000	0.0000	0.0000	0.5172	0.0000	0.3991	0.0000	0.8287	0.8620	0.0000	0.5535	0.0000
coasm_bin.233	Gammaproteobacteria.7	SHZI01	0.0000	0.0000	0.0000	0.0000	0.3448	0.8783	0.0000	0.3581	1.5781	0.3713	0.3954	0.4137	0.0000	0.4634	0.4583	1.5710	0.0000	0.0000	0.0000	0.0000	0.3967	0.0000	0.9332	0.0000	0.0000	0.0000	0.0536	1.0198	0.0000	1.0170	0.6844	0.0000	0.0000	0.0000	0.3465	1.4369	0.0000	0.5052	1.5620	1.4301	0.0000	1.6411
coasm_bin.237	Holophaga.2_m	Holophaga	0.0000	0.4502	0.0000	0.0000	0.0000	0.0000	0.0000	0.0000	1.7362	0.7502	0.8533	0.5842	0.0000	0.6737	0.3314	0.5491	0.0000	0.0000	0.0000	0.0000	0.6132	0.0000	0.2558	0.0000	1.0494	0.8045	0.4211	1.1452	1.4267	1.5065	0.0000	0.0000	0.0000	0.4096	0.0000	1.4351	0.0000	2.7519	0.0000	0.0000	1.9950	0.3095
coasm_bin.238	Rhodothermaceae.5	BA12	0.0000	0.0000	0.0000	0.0000	0.0000	0.0000	0.0000	0.2449	0.0914	0.0000	0.0580	0.4059	0.0000	0.0876	0.0000	0.6333	0.0875	0.0000	0.1303	0.0000	0.0000	0.0000	0.1163	0.0000	0.0000	0.1282	0.0773	0.0736	0.3081	0.1439	0.0000	0.0000	0.0000	0.0000	0.0000	0.0000	0.0000	0.0000	0.0000	0.0000	0.0000	0.0000
coasm_bin.24	Absconditicoccaceae.1_m		0.0000	0.0000	0.0000	0.0000	0.0000	0.0000	0.0000	0.0000	0.0000	0.0000	0.0000	0.0000	0.0000	0.0000	0.0000	0.0000	0.0000	0.0000	0.0000	0.0000	0.0000	0.0000	0.0000	0.0000	0.0000	0.0000	0.0000	0.0000	0.0000	0.0000	0.0000	0.0000	0.0000	0.0000	0.0000	0.0000	0.0000	0.0000	0.0000	0.0000	0.0000	0.0000
coasm_bin.240	Ca_Villigracilis.9	Villigracilis	0.0000	0.0000	0.1704	0.3118	0.7027	1.1828	0.2883	0.0000	0.5149	0.0000	0.0000	0.0000	0.2161	0.0000	0.0000	0.2705	0.0000	0.0000	0.0000	0.0000	0.0000	0.2235	0.2017	0.0000	2.0314	0.7281	0.4475	1.0260	0.2414	0.7639	0.0000	0.0000	0.0000	0.0000	0.0000	0.0000	0.0000	1.2743	0.1945	0.0000	0.1353	0.0000
coasm_bin.246	Sulfuricystis.1_m	Sulfuricystis	0.4671	0.1047	0.1104	0.0000	0.0000	0.0000	0.0000	0.6026	1.3929	0.0000	0.1046	0.7822	0.0000	0.0000	0.8432	1.1913	1.0102	0.0000	0.0000	0.0000	0.1905	0.0000	0.5317	0.1531	0.0000	0.0000	0.2520	0.2753	0.0000	0.3191	0.7490	0.2037	0.5240	0.0000	1.3773	0.2997	0.0000	0.0000	0.0000	0.2834	0.0000	0.5570
coasm_bin.248	Neotabrizicola.1_m	Neotabrizicola	0.3967	0.1003	0.0000	0.0000	1.1785	0.4098	0.5975	0.2435	1.3827	0.2881	0.1083	0.1194	0.0000	0.5519	0.1857	0.0730	0.1420	0.0000	0.0000	0.0000	0.1836	0.0000	0.6841	0.2059	2.6663	0.4918	0.2980	0.3299	0.4525	0.5685	0.7863	0.0000	0.0000	0.0000	0.1090	0.4480	0.1857	0.2315	0.4075	0.9168	0.0000	1.1177
coasm_bin.249	Giesbergeria.2_m	Giesbergeria	0.7399	0.2396	0.5657	0.0000	0.0000	0.0000	0.0000	0.5846	3.4082	0.2322	0.0000	0.0000	0.0000	0.0000	0.3300	0.5725	0.0000	0.0000	0.5400	0.0000	0.2904	0.0000	0.3266	0.0000	1.1099	0.4098	0.2321	0.1881	0.5260	0.2406	0.0000	0.2494	0.4827	0.0000	3.9619	2.3315	0.5000	0.3604	0.6136	0.7749	0.0000	0.5195
coasm_bin.25	Paceibacteria.3_m	UBA9973	0.0000	0.0000	0.0000	0.0000	0.0000	0.0000	0.0000	0.0000	0.0000	0.0000	0.0000	0.0000	0.0000	0.0000	0.0000	0.0000	0.0000	0.0000	0.0000	0.0000	0.0000	0.0000	0.0000	0.0000	0.0000	0.0000	0.0000	0.0000	0.0000	0.0000	0.0000	0.0000	0.0000	0.0000	0.0000	0.0000	0.0000	0.1621	0.0000	0.0000	0.0000	0.0000
coasm_bin.250	Ca_Accumulibacter.2	Accumulibacter	5.4266	7.6381	5.8773	0.0000	0.0000	0.0000	0.0000	11.8691	55.8360	6.0196	6.2826	5.2565	0.0000	13.9838	12.8840	17.7723	22.1307	0.0000	21.5408	8.6493	14.9721	16.5602	24.0111	5.0203	0.0000	9.3183	5.0173	4.7337	35.3892	4.2065	0.0000	11.3902	10.5795	0.0000	51.3196	14.6375	6.2953	7.7626	8.1919	24.1519	0.0000	37.2670
coasm_bin.251	Ca_Competibacter.27	Competibacter_A	0.0000	0.0000	0.0000	0.0000	0.9466	0.8401	0.7135	0.0000	0.2030	1.5174	2.5097	3.0941	0.0000	0.0000	0.1745	0.3459	0.7056	0.0000	0.0000	0.0000	0.9167	0.4017	0.3052	0.7924	0.1873	6.7800	6.1441	10.7884	0.2846	4.1346	0.0000	0.0000	0.0000	0.0000	0.3994	0.0000	0.0000	0.0000	0.0000	0.2189	0.0000	0.0000
coasm_bin.255	Hydrogenophaga.5	Hydrogenophaga	0.2943	0.1401	0.7919	0.0000	0.3542	0.6896	0.2076	0.0000	2.2085	0.0000	0.1582	0.1366	0.0000	0.1846	0.0000	0.1048	0.1771	0.0000	0.0000	0.0000	0.0997	0.0000	0.3321	0.0000	0.3717	0.2526	0.2392	0.2541	0.2785	0.2728	0.0000	0.0000	0.0000	0.0000	0.3066	0.0000	0.3372	0.2446	0.6945	0.0000	0.0000	1.1436
coasm_bin.256	Azonexus.1	Azonexus	1.9665	0.3978	1.5465	0.0000	0.0000	0.0000	0.0000	0.5537	3.0025	0.0000	0.0000	0.0000	0.0000	0.0000	1.3521	0.1822	0.0000	0.0000	0.0000	0.0000	0.4702	0.0000	1.8937	0.1836	0.0000	0.5291	0.4641	0.4656	0.5329	0.4119	1.0127	0.3442	1.1249	0.0000	0.8979	1.3568	0.0000	0.4320	0.4427	0.1678	0.0000	0.2649
coasm_bin.258	Sandaracinus.1	JAEUKH01	0.0000	0.0000	0.1693	0.2015	0.2692	0.0000	0.0000	0.0000	0.9856	0.0000	0.3082	0.3610	0.0000	0.1378	0.1746	0.0000	0.1020	0.0000	0.0000	0.0000	0.0000	0.1857	1.6643	0.0000	0.1101	0.1857	0.0000	0.0554	0.2089	0.1149	0.3030	4.7779	0.2299	0.7668	0.4622	0.1560	0.0000	0.5021	0.0000	0.0000	0.2947	0.2844
coasm_bin.259	Mariniflexile.1_m	Mariniflexile	0.0000	0.0000	0.0000	0.4704	0.0000	0.0000	0.0000	0.2104	0.1293	0.0000	1.2592	0.2694	0.0000	0.3218	0.2560	0.0000	0.3291	0.0000	0.0000	0.0000	0.7603	0.0000	0.0000	0.0000	0.1237	0.0000	0.0000	0.0000	0.0000	0.0000	0.5493	0.0000	0.0000	0.2504	0.0000	0.2592	0.0000	1.3003	0.0000	0.0000	0.0000	0.0000
coasm_bin.260	Ca_Sarcinithrix.1	JAAEKA01	0.0000	0.0000	0.0000	17.9369	0.0000	0.0000	0.0000	11.9922	27.2685	0.0000	8.9816	5.6258	12.9024	0.0000	0.0000	38.9544	6.4369	0.0000	0.0000	0.0000	0.0000	26.4215	11.1684	0.0000	25.5766	12.5302	15.8824	10.6676	13.1378	17.1482	8.2224	0.0000	0.0000	3.1736	0.0000	0.0000	0.0000	16.6228	5.6456	0.0000	7.1803	2.7685
coasm_bin.261	Flexifilum.1_m	Flexifilum	0.0000	0.0000	0.0000	0.2238	0.0000	0.0000	0.0000	0.0000	0.2720	0.0000	0.3557	0.0000	0.0000	0.1028	0.0000	0.0000	0.0000	0.0000	0.0000	0.0000	0.0958	0.0958	0.1665	0.0000	1.4785	0.0000	0.0000	0.0000	0.0000	0.0619	0.0000	0.0000	0.0000	0.5021	0.0000	0.0000	0.0000	0.7894	0.3217	0.0000	1.0408	0.1541
coasm_bin.262	Phreatobacter.1_m	Phreatobacter	0.7211	0.2993	0.0000	0.1320	0.2315	0.4007	0.6085	0.0000	2.0076	0.0000	0.0000	0.0000	0.0000	0.0000	0.0000	1.0734	0.0000	0.0000	0.0000	0.0000	0.0000	0.0000	2.3227	1.2778	6.1026	0.1299	0.2117	0.1524	0.7363	1.1148	0.0000	0.0000	0.0000	0.0000	1.2505	0.0000	0.6571	0.4259	0.6110	0.0000	0.0000	0.3423
coasm_bin.265	Rhodocyclaceae.20		0.7228	0.1069	0.3549	0.0000	0.1274	0.1807	0.1581	0.0000	0.6863	0.0000	0.0000	0.0000	0.0000	0.0000	0.1470	0.1394	0.0000	0.0000	0.0000	0.0000	0.1442	0.0000	0.1104	0.2107	0.0000	0.3389	0.2374	0.3569	0.2213	0.2284	0.0000	0.1145	0.1420	0.0000	0.6031	0.0000	1.1377	0.7956	0.1668	0.0000	0.0000	0.0000
coasm_bin.268	Flavipsychrobacter.4_m	Flavipsychrobacter	0.9979	0.0000	0.0000	0.4583	0.0000	0.0000	0.0000	0.1320	0.2948	0.0000	0.5441	0.0000	0.0000	0.1797	0.0000	0.3072	0.0000	0.0000	0.0000	0.0000	0.0000	0.0839	0.0000	0.0000	0.1183	0.0000	0.0000	0.0000	0.0000	1.1479	0.8228	0.0000	0.0000	0.0000	0.3117	0.1316	0.0000	0.4390	0.0000	0.0000	0.0000	0.0000
coasm_bin.27	Phycisphaeraceae.31		0.0000	0.0000	0.0000	0.0000	0.0000	0.0000	0.0000	0.0000	0.8704	0.0000	0.7409	0.9583	0.0000	0.0000	0.0000	0.5785	0.0000	1.1552	0.0000	0.7111	5.1891	0.0000	1.8443	0.0000	0.8789	1.3757	1.2150	0.7410	2.5923	0.6498	0.0000	0.0000	0.0000	1.6504	0.0000	0.0000	0.0000	0.0000	1.0132	0.0000	0.9162	0.0000
coasm_bin.271	Casimicrobium.1_m	Casimicrobium	0.4079	0.2199	1.2295	0.0000	0.3858	0.2291	0.5061	0.0000	2.9553	0.3250	0.0000	0.0000	0.0000	0.0000	0.0000	0.9287	0.0000	0.0000	0.3753	0.0000	0.0000	0.0000	2.3933	0.2687	1.1196	0.7793	0.3696	0.6237	0.3794	0.6459	0.0000	0.0000	0.0000	0.0000	0.3342	0.0000	0.6952	0.4681	0.2219	0.2154	0.0000	0.7024
coasm_bin.277	Dokdonella.17	Dokdonella	0.0000	0.0000	0.0000	2.6087	0.0000	0.0000	0.0000	0.0000	3.4966	0.0000	0.0000	0.0000	0.0000	0.0000	1.5398	0.9524	0.0000	0.0000	0.0000	0.0000	0.0000	0.0000	0.0000	0.0000	0.0000	3.0918	3.0038	2.7981	3.5006	6.3019	0.0000	0.0000	0.0000	0.0000	2.1620	2.0712	2.1097	1.8356	2.6784	0.0000	0.0000	0.0000
coasm_bin.278	Kiritimatiellia.1_m	CALMUP01	0.0000	0.0000	0.0000	0.0000	0.0000	0.0000	0.0000	0.0000	0.0000	0.0000	0.2368	1.5755	0.0000	0.4972	0.0000	0.0000	0.0000	0.0000	0.2517	0.2263	0.0000	0.0000	0.1199	0.0000	0.0000	0.0000	0.0000	0.0000	0.0000	0.0000	0.0000	0.0000	0.0000	0.3869	0.0000	0.0000	0.0000	0.0899	0.2211	0.0000	0.0000	0.0000
coasm_bin.279	Xinfangfangia.1_m	Xinfangfangia	0.1847	0.0000	0.0000	0.1352	0.0000	0.0000	0.0000	0.0000	1.1292	1.1871	0.1361	0.1099	0.0000	0.1209	0.5329	0.2153	0.1164	0.0000	0.0000	0.0000	0.2045	0.0000	1.4528	0.1667	1.0053	0.0000	0.0000	0.0000	0.0000	0.0000	0.0000	0.0000	0.0000	0.0000	0.2221	0.0000	0.2204	0.3618	0.0000	0.0000	0.0000	0.8973
coasm_bin.28	Rhodanobacteraceae.5	JADKFD01	2.7052	0.0000	0.0000	0.0000	0.0000	0.0000	0.0000	0.0000	2.2389	0.9106	1.5227	0.0000	0.0000	1.3257	0.7660	0.3866	1.3942	0.0000	0.9567	0.0000	0.0000	0.0000	1.0111	0.0000	0.0000	0.8767	1.4981	1.2336	0.4014	1.1722	0.0000	0.6913	2.1152	0.0000	1.0596	0.7182	1.4598	1.4478	0.8185	0.5490	0.0000	0.6034
coasm_bin.280	Mesorhizobium.3	Mesorhizobium_A	1.0472	0.0000	0.0000	0.9051	0.2399	0.4563	0.3313	0.0000	2.2567	0.0000	0.5781	0.2111	0.0000	0.0000	0.2058	0.3592	0.0000	0.0000	0.0000	0.0000	0.3602	0.0000	1.9894	0.6085	5.3348	2.4649	0.4443	0.7372	1.0101	0.3135	0.0000	0.0000	0.0000	0.0000	0.8705	0.0000	0.2382	0.3645	0.6611	0.0000	0.0000	0.5161
coasm_bin.286	Sphingobacteriales.9	UBA2475	0.8316	0.0000	0.0000	0.0000	0.0000	0.0000	0.0000	0.4727	0.6456	0.0000	0.0000	0.0000	0.0000	0.6831	0.0000	0.2674	0.0000	0.0000	0.0000	0.0000	1.3035	0.0000	0.3405	0.0000	0.4777	0.0000	0.0000	0.0000	0.0000	0.4663	0.2326	0.0000	0.0000	0.0000	1.2224	0.2757	0.0000	2.3237	0.0000	0.0000	0.0000	0.0000
coasm_bin.289	Phreatobacter.3	Phreatobacter	0.8873	0.4273	0.0000	0.0000	1.1827	1.0648	1.1951	0.0000	4.8096	0.0000	0.0000	0.0000	0.0000	0.0000	0.0000	0.2579	0.0000	0.0000	0.0000	0.0000	0.8917	0.0000	4.6043	3.5264	16.1470	0.8518	0.4856	1.0431	0.3112	0.4779	0.0000	0.0000	0.0000	0.0000	0.1808	0.0000	1.1315	0.3991	0.5829	0.0000	0.0000	0.5363
coasm_bin.290	Xanthobacteraceae.4	SCUB01	0.0598	0.2468	0.0000	0.0000	0.0000	0.0000	0.0000	0.0000	0.9418	0.0000	0.0000	0.0000	0.0000	0.0000	0.0000	0.0821	0.0000	0.0000	0.0000	0.0000	0.0000	0.4197	0.4457	0.2449	0.4618	0.0000	0.0000	0.0000	0.0000	0.0000	0.0000	0.0862	0.3643	0.0000	0.1684	0.0000	0.2130	0.0000	0.0000	0.0000	0.0000	0.0000
coasm_bin.293	Verrucomicrobiales.2	Arctic95D-9	0.4858	0.0000	0.0000	0.0000	0.0000	0.0000	0.0000	0.0000	0.7161	0.0000	0.2038	0.6677	0.0000	0.0000	0.0000	0.3035	0.2490	0.0000	0.0000	0.0000	0.0000	0.0000	0.0000	0.0000	1.0316	0.6185	0.4552	1.3542	0.2236	0.7113	0.6179	0.0000	0.0000	0.0000	0.0000	0.4111	0.0000	0.2922	0.3041	0.0000	0.0000	0.2778
coasm_bin.298	Bacteroidales.1_m	CAIVAT01	0.1270	0.0000	0.0000	0.0000	0.4546	0.0000	0.1803	0.0000	0.2645	0.2986	0.3481	0.2232	0.0000	0.2295	0.1659	0.6148	0.0000	0.0000	0.0949	0.0000	1.2267	0.2599	0.1657	0.0000	0.2293	0.1995	0.1463	0.1069	0.0000	1.0491	0.0000	0.0000	0.0000	0.1107	0.0000	0.9569	0.0000	0.7219	0.0000	0.0000	0.3684	0.1227
coasm_bin.305	Hydrogenedensaceae.8	JAEUWI01	0.0000	0.0000	1.3446	0.0000	0.0000	0.0000	0.0000	0.0000	0.0000	0.0000	0.5680	0.2893	0.0000	0.1185	0.0000	0.3542	0.0000	0.0000	0.1165	0.5363	0.0000	0.0000	0.0000	0.0000	0.2292	0.1288	0.2438	0.1489	0.1567	0.2018	0.1629	0.0000	0.0000	0.0000	0.0000	0.0000	0.0000	0.0000	0.2213	0.0000	0.0000	0.0000
coasm_bin.31	Rhodobacteraceae.1	JAAKGP01	1.3143	0.0000	0.0000	0.0000	0.0000	0.0000	0.0000	1.2901	4.8146	1.1594	0.6351	0.6901	0.0000	0.6983	0.9025	0.5341	0.5187	0.0000	0.0000	0.0000	0.6842	0.0000	5.3305	0.7976	21.3147	1.4732	1.5788	1.3690	2.1890	2.5601	1.1531	0.0000	0.0000	0.0000	4.8129	0.5648	1.0507	1.0473	0.9109	1.2276	0.0000	4.8468
coasm_bin.312	Flavobacteriales.1_m	PHOS-HE28	0.0000	0.0000	0.0000	0.0000	0.0000	0.0000	0.0000	0.8515	0.0000	0.0000	0.0000	0.0000	0.0000	0.5053	0.0000	0.3109	0.0000	0.0000	0.0000	0.0000	0.1398	0.0000	0.2520	0.0000	0.1407	0.0000	0.0000	0.0000	0.0000	0.1730	0.6997	0.0000	0.0000	0.0000	0.0000	0.2087	0.0000	1.0999	0.0000	0.0000	0.0000	0.0000
coasm_bin.313	Phototrophicaceae.5_m	JACKCG01	0.0000	0.0000	0.0000	0.1603	0.0000	0.0000	0.0000	0.9364	2.2276	0.0000	0.8045	0.3242	0.0000	0.1752	0.0000	0.2542	0.0000	0.0000	0.0000	0.0000	0.1950	0.4531	0.2846	0.0000	6.5939	0.3305	0.4354	0.8783	0.0000	0.9624	0.0000	0.0000	0.0000	0.0000	0.0000	0.0000	0.0000	1.1289	3.2733	0.0000	0.3437	0.5669
coasm_bin.314	Spirosomataceae.1_m	SCN-52-12	0.1194	0.0000	0.0000	0.2911	0.0000	0.0000	0.0000	0.1403	0.3088	0.0000	0.3464	0.3329	0.0000	0.3010	0.0000	0.3836	0.1942	0.0000	0.3368	0.2995	0.0000	0.0000	0.2414	0.0000	0.0000	0.0000	0.0000	0.0000	0.0000	1.0918	0.1910	0.0000	0.0000	0.0000	0.0000	0.2497	0.0000	1.6303	0.0000	0.0000	0.0000	0.0000
coasm_bin.315	Ca_Villigracilis.12	Villigracilis	0.0000	0.0000	0.7667	0.6593	0.0000	0.0000	0.0000	0.0000	4.0202	0.0000	1.0843	0.0000	0.1152	0.2378	0.0000	0.0000	0.0000	0.0000	0.0000	0.0000	0.2121	0.9128	1.7717	0.2955	3.5073	0.2164	0.3495	0.4071	0.0000	0.2879	0.0000	0.0000	0.0000	0.9386	0.0000	0.0000	0.0000	0.0000	0.0000	0.1873	0.5252	0.5019
coasm_bin.318	Thermoanaerobaculia.3_m	UBA5066	0.3504	0.1324	0.0000	0.0000	0.2132	0.3826	0.2858	0.4212	0.6660	0.0000	1.2664	0.0000	0.0000	0.1902	0.4766	0.3305	0.1922	0.0000	0.0000	0.0000	0.1114	0.4562	0.3380	0.0000	1.3538	0.9719	0.2923	0.4553	0.4232	0.6323	0.0000	0.0000	0.0000	0.2831	0.0000	0.2183	0.0000	0.4548	0.0000	0.0000	0.4287	0.0000
coasm_bin.320	Thermomicrobiales.1_m	JADLGF01	0.0000	0.0000	0.0000	0.0996	0.0000	0.0000	0.0000	0.0945	0.0905	0.0000	0.1256	0.0000	0.0000	0.0000	0.0000	0.0000	0.4042	0.0000	0.0000	0.0000	0.0000	0.0617	0.2457	0.0000	3.9342	0.2306	0.2556	0.6658	0.9801	0.3121	0.0000	0.3394	0.0000	0.0000	0.0000	0.0000	0.0000	0.1207	0.0000	0.0000	0.0000	0.0000
coasm_bin.321	Dokdonella.2	Dokdonella	1.7380	0.0000	0.0000	0.8384	1.5817	0.9092	0.9726	0.0000	1.6222	0.0000	0.0000	0.0000	0.0000	0.0000	0.5621	0.5786	0.0000	0.0000	0.8904	0.9283	0.0000	0.0000	2.7583	0.0000	0.0000	0.9175	1.1263	0.8201	0.4902	1.0651	0.0000	0.0000	0.0000	0.0000	0.9874	0.0000	7.6794	1.0093	0.7899	1.0390	0.0000	0.0000
coasm_bin.322	Flavipsychrobacter.5_m	Flavipsychrobacter	0.0000	0.0000	0.0000	0.2272	0.0000	0.0000	0.0000	0.1399	0.4103	0.0000	0.0000	0.0000	0.0000	0.2824	0.0000	0.1881	0.0000	0.0000	0.0000	0.0000	0.0000	0.1120	0.0000	0.0000	0.0000	0.2596	0.1828	0.2532	0.2896	0.7979	0.5085	0.0000	0.0000	0.0000	0.0000	0.7324	0.0000	0.4871	0.0000	0.0000	0.0000	0.0000
coasm_bin.324	Chthoniobacterales.2_m	JACTMZ01	0.0000	0.0000	0.0000	0.0000	0.0000	0.0000	0.0000	0.0000	0.0000	0.0000	0.1866	1.8429	0.0000	0.6715	0.0000	0.1829	0.2240	0.0000	0.0000	0.0000	0.4083	0.0000	1.4665	0.0000	0.5157	0.4782	0.3402	0.4542	0.4702	0.6384	0.0000	0.0000	0.0000	0.0000	0.0000	0.0000	0.0000	0.0000	0.0000	0.0000	0.0000	0.1852
coasm_bin.325	Ca_Flexifilum.3	Flexifilum	0.0000	0.0000	0.0000	0.9309	0.0000	0.0000	0.0000	0.0000	2.7335	0.0000	0.3376	0.5513	2.0113	0.3725	0.0000	1.2059	2.2901	0.0000	0.0000	0.0000	0.0000	1.0285	0.5450	0.0000	6.7714	0.4932	0.4942	0.9428	0.0000	0.9629	0.0000	0.0000	0.0000	0.2437	0.3965	0.2045	0.0000	3.0288	0.8827	0.0000	0.2976	0.0000
coasm_bin.335	Inhella.1_m	Inhella	0.6475	0.1736	0.3869	0.0000	0.0000	0.0000	0.0000	0.2690	3.6999	0.0000	0.1830	0.0000	0.1696	0.3088	0.0000	0.2479	0.4935	0.0000	0.0000	0.0000	0.2006	0.0000	1.0753	0.5149	1.3418	0.4641	0.3081	0.5414	0.6284	0.3399	0.6629	0.2659	0.7941	0.0000	1.5452	0.2148	0.3662	0.4681	0.5854	0.3750	0.0000	0.3532
coasm_bin.336	Micavibrionaceae.2_m	UBA1573	0.4488	0.0000	0.0000	0.0000	0.1049	0.2246	0.2896	0.0000	0.5967	0.3204	0.0000	0.0000	0.0000	0.0000	0.6838	0.0000	0.0000	0.0000	0.0000	0.0000	0.0000	0.0000	0.0000	0.0000	0.3542	0.0000	0.0000	0.0000	0.0000	0.0000	0.0000	0.0000	0.0000	0.0000	0.6833	0.0000	0.2194	0.0000	0.0000	0.0000	0.0000	0.0000
coasm_bin.337	Ignavibacteria.7	UBA9002	0.0000	0.0000	0.0000	0.4517	0.0000	0.0000	0.0000	0.0000	1.5567	0.0000	1.1719	1.3010	0.0000	1.8283	0.0000	1.3467	0.0000	0.0000	0.0000	0.0000	1.9569	2.8708	0.4243	0.0000	2.2172	1.3633	0.2390	0.5099	0.6849	1.5684	0.0000	0.0000	0.0000	1.6540	0.0000	0.0000	0.0000	1.1604	0.8786	0.0000	0.5111	0.8537
coasm_bin.338	Pseudorhodobacter.1	JAAKGP01	0.0000	0.0000	0.0000	0.0000	0.0000	0.0000	0.0000	0.0000	2.5042	0.0000	0.9325	1.3630	0.0000	0.2700	0.5037	0.6704	0.6257	0.0000	0.0000	0.0000	0.7332	0.0000	1.0635	0.5403	4.4816	1.3299	1.2515	0.2183	0.7721	2.2032	0.0000	0.0000	0.0000	0.0000	0.6275	0.0000	0.1928	0.7147	0.4538	0.0000	0.0000	1.2068
coasm_bin.340	Mesorhizobium.4	Mesorhizobium_A	0.5054	0.0000	0.0000	0.3242	0.0000	0.0000	0.0000	0.4173	1.6115	0.0000	0.2045	0.1927	0.0000	0.0958	0.2176	0.1381	0.0000	0.0000	0.0000	0.0000	0.2588	0.0000	2.4271	0.1258	4.9668	0.1810	0.2093	0.1344	0.6802	0.4023	0.0000	0.0000	0.0000	0.0000	0.2762	0.0000	0.2377	0.2419	0.3972	0.0000	0.0000	0.2916
coasm_bin.347	Ca_Accumulibacter.3	Accumulibacter	1.9387	1.1718	0.3397	0.0000	0.0000	0.0000	0.0000	0.3781	1.9074	0.3434	0.9418	2.0219	0.0000	0.4360	0.4583	1.3542	0.5638	0.0000	0.8150	0.9874	0.9103	0.2797	1.5529	0.3540	0.0000	1.2011	0.9525	1.1491	1.2522	2.4989	0.0000	0.5783	0.2682	0.0000	1.8007	1.4284	0.1396	2.6329	1.0233	0.6112	0.0000	1.9129
coasm_bin.348	Myxococcaceae.11	JAEUJQ01	0.0000	0.0000	0.9174	3.0633	1.9703	1.8701	0.0000	0.6866	2.7195	0.7267	2.0895	1.8721	0.0000	5.3784	0.9890	0.8150	1.0921	0.0000	0.0000	0.0000	0.0000	1.8091	0.7077	0.0000	1.2417	0.0000	0.0000	0.0000	0.0000	0.0000	1.3070	0.0000	0.0000	0.8495	1.5011	1.0235	0.0000	1.9394	3.2571	0.0000	1.7553	0.0000
coasm_bin.350	Phycisphaeraceae.13	JAFLCM01	0.0000	0.0000	0.0000	0.0000	0.0000	0.0000	0.0000	1.7209	0.3675	0.0000	0.3547	0.1118	0.2460	0.0000	0.0000	0.0000	0.0000	0.0000	1.1062	0.0000	0.0000	0.6475	0.1629	0.0000	0.1266	0.1560	0.0000	0.4259	0.4129	0.1701	0.0000	0.0000	0.0000	0.2351	0.0000	0.0000	0.0000	0.1788	0.4241	0.0000	0.1755	0.0000
coasm_bin.358	Phycisphaeraceae.22	JABWBB01	0.0000	0.0000	0.0000	0.0000	0.0000	0.0000	0.0000	0.6015	0.5871	0.0000	0.0000	0.2489	0.1660	0.0000	0.0000	0.7555	0.0000	0.0000	0.0000	0.6530	0.3778	0.1902	0.2616	0.0000	0.2075	0.5642	0.3872	0.4728	1.1660	0.3464	0.0000	0.0000	0.0000	0.2344	0.0000	0.0000	0.0000	0.0000	0.9202	0.0000	0.6815	0.0000
coasm_bin.362	Runella.3	Runella	0.1347	0.2298	0.3204	0.0000	0.0000	0.0000	0.0000	0.0000	2.3183	0.0000	0.0000	0.6708	0.0000	0.2950	0.0000	0.0764	0.0000	0.0000	0.0000	0.0000	0.0000	0.0000	0.4362	0.0000	0.0000	0.0000	0.0000	0.0000	0.0000	0.1324	0.0000	0.0000	0.0000	0.0000	0.0000	0.0000	0.0000	0.2705	0.0000	0.0000	0.0000	0.0000
coasm_bin.364	Sediminibacterium.5	Sediminibacterium	0.0000	0.0000	0.0000	0.0000	0.0000	0.0000	0.0000	0.2793	1.6661	0.0000	0.8835	0.5075	0.0000	0.8460	0.0000	0.0000	0.0000	0.0000	0.0000	0.0000	0.0000	1.8008	0.4845	0.0000	0.0000	0.0000	0.0000	0.0000	0.0000	1.5907	0.6012	0.0000	0.0000	0.0000	0.0000	0.8303	0.0000	1.1132	0.0000	0.0000	0.0000	0.0000
coasm_bin.365	Ca_Competibacter.109	JARSSO01	2.1371	0.4695	0.6663	0.0000	2.1890	201.8920	4.9304	1.0171	58.5620	3.3621	0.7468	31.4559	0.5871	82.7300	0.9551	5.3744	1.6097	0.0000	0.0000	0.0000	2.5988	0.8045	1.2109	0.9400	0.0000	0.7752	0.8947	0.6768	1.7699	0.7960	1.4188	0.0000	0.0000	0.0000	2.9654	1.7722	0.0000	45.8247	85.5080	1.8726	0.0000	0.0000
coasm_bin.367	Luteimonas_D.1_m	Luteimonas_D	1.7002	0.0000	0.0000	0.0000	0.0000	0.0000	0.0000	0.0000	2.2655	0.0000	0.0000	0.0000	0.0000	0.0000	6.6474	0.3583	0.0000	0.0000	0.6548	0.0000	0.0000	0.0000	1.9085	0.4892	0.0000	0.5570	0.3022	0.0000	0.6470	1.2127	0.0000	0.0000	0.0000	0.0000	0.5476	0.0000	0.2992	0.4479	0.5352	0.0000	0.0000	0.0000
coasm_bin.373	Leadbetterella.18	Leadbetterella	0.0000	0.0000	0.0000	0.0000	0.0000	0.0000	0.0000	3.0960	5.6269	0.0000	1.2996	1.8807	0.0000	1.2438	1.3939	1.7453	0.0000	0.0000	0.0000	0.0000	1.0513	2.5795	1.2831	1.1617	0.0000	0.0000	0.0000	0.0000	0.0000	1.7273	0.0000	0.0000	0.0000	0.0000	0.0000	0.0000	0.0000	5.8611	0.0000	0.0000	0.0000	1.6798
coasm_bin.383	Ca_Pacebacteria.9	UBA1364	0.0000	0.0000	0.0000	0.0000	0.0000	0.0000	0.0000	0.0000	0.0000	0.0000	0.0000	0.0000	0.0000	0.0000	0.0000	0.0000	0.0000	0.0000	0.0000	0.0000	0.0000	0.0000	0.0000	0.0000	0.0000	0.0000	0.0000	0.0000	0.0000	0.0000	0.0000	0.0000	0.0000	0.0000	0.0000	0.0000	0.0000	0.0000	0.0000	0.0000	0.0000	0.0000
coasm_bin.385	Microgenomatia.3_m	UBA924	0.3495	0.0000	0.0000	0.0000	0.0000	0.0000	0.0000	0.0000	0.1871	0.0000	0.5370	0.0000	0.0000	0.0000	0.0000	0.0000	0.0000	0.0000	0.0000	0.0000	0.0000	0.0000	0.0000	0.0000	0.2296	0.0000	0.0000	0.0000	0.0000	0.0000	0.0000	0.0000	0.0000	0.0000	0.0000	0.0000	0.0000	0.0000	0.0000	0.0000	0.0000	0.0000
coasm_bin.386	alphaI_cluster.1	GCA-013693735	1.3079	0.0000	0.0000	0.0000	0.0000	0.0000	0.0000	0.0000	3.0887	0.0000	0.3251	0.3867	0.0000	0.7996	0.0000	0.2839	0.0000	0.0000	0.0000	0.0000	0.9403	0.0000	1.7897	0.5129	11.2202	0.3811	0.6582	0.6663	0.4953	1.3501	0.5900	0.7606	0.2460	0.0000	0.3440	0.4166	1.1622	0.6866	0.3933	0.4583	0.0000	1.7119
coasm_bin.388	Absconditicoccaceae.2_m	JAGOPC01	0.0000	0.0000	0.0000	0.0000	0.0000	0.0000	0.0000	0.0000	0.0000	0.0000	0.0000	0.0000	0.0000	0.0000	0.0000	0.0000	0.0000	0.0000	0.0000	0.0000	0.0000	0.0000	0.0000	0.0000	0.0000	0.0000	0.0000	0.0000	0.0000	0.0000	0.0000	0.0000	0.0000	0.0000	0.0000	0.0000	0.0000	0.0000	0.0000	0.0000	0.0000	0.0000
coasm_bin.389	Phototrophicaceae.6_m	JANWYT01	0.0000	0.0000	0.0000	2.0502	0.0000	0.0000	0.0000	0.0000	3.9167	0.0000	0.3648	0.3973	0.0000	0.4303	0.0000	0.7154	0.5963	0.0000	0.0000	0.0000	0.0000	3.2954	0.8083	0.0000	6.3150	0.7928	0.8659	1.5457	0.0000	0.5052	0.0000	0.0000	0.0000	0.9556	0.0000	0.0000	0.0000	3.2169	4.4064	0.0000	0.5747	0.0000
coasm_bin.392	Gemmobacter.1	Gemmobacter	0.6896	0.3478	1.3576	0.0000	0.0000	0.0000	0.0000	0.4392	5.4892	1.0371	0.9757	0.9363	0.0000	0.9403	1.3409	0.4589	0.2064	0.0000	0.0000	0.0000	0.7889	0.0000	3.2528	0.4131	8.0349	0.8010	1.0074	0.7137	1.0344	1.0996	1.0956	0.0000	0.0000	0.0000	1.2385	0.5092	0.4117	0.5871	0.8786	0.3202	0.0000	2.6510
coasm_bin.393	Ignavibacteriaceae.2_m	IGN3	0.0000	0.0000	0.0000	0.0000	0.0000	0.0000	0.0000	2.1709	0.3132	0.0000	0.1487	0.1846	0.3218	1.7602	0.1455	0.1525	0.1769	0.0000	0.0000	0.1989	0.4205	0.2230	1.5348	0.0000	0.0902	0.0000	0.0000	0.0000	0.6731	0.9343	0.0000	0.0000	0.0000	0.3214	0.0000	0.0000	0.0000	1.8189	0.0000	0.0000	0.5245	0.0000
coasm_bin.394	Chelatococcus.1_m	Chelatococcus	0.3291	0.2769	0.2607	0.0000	0.0000	0.0000	0.0000	0.2615	4.2944	3.8903	0.0000	0.2194	0.0000	0.1221	3.5723	0.2275	0.2163	0.0000	0.0000	0.0000	0.2878	0.0000	0.2428	0.0000	19.1525	0.3620	0.3544	0.3342	0.3094	0.9713	0.0000	0.0000	0.0000	0.0000	2.6243	0.0000	0.3953	0.3724	0.6502	0.0000	0.0000	0.2845
coasm_bin.395	Chiayiivirga.2_m	Chiayiivirga	0.3518	0.0000	0.0000	0.1571	0.2437	0.4921	0.6778	0.0000	0.5640	1.9553	0.0000	0.0000	0.0000	0.0000	2.2154	0.2222	0.0000	0.0000	0.2063	0.0000	0.0000	0.0000	0.6169	0.0000	0.0000	0.0000	0.0000	0.0000	0.0000	0.0000	0.2497	0.0000	0.0000	0.0000	0.1632	0.2790	0.3074	0.4093	0.2148	0.3138	0.0000	0.2176
coasm_bin.399	Bosea.3	Bosea	4.5909	0.0000	0.0000	1.7628	0.0000	0.0000	0.0000	0.5689	4.3852	0.0000	0.0000	0.0000	0.0000	0.0000	2.3466	0.7231	0.0000	0.0000	0.0000	1.6958	1.7480	0.0000	4.5188	0.8432	67.0981	1.8440	1.6041	1.6445	2.0515	5.7361	3.1648	1.0231	1.8695	0.0000	3.3942	1.0821	1.7508	1.5032	7.1410	0.0000	0.0000	2.8239
coasm_bin.40	Flavipsychrobacter.6_m	Flavipsychrobacter	4.9260	0.0000	0.0000	9.1564	0.0000	0.0000	0.0000	3.5634	3.4743	0.0000	0.0000	0.0000	0.0000	3.4235	0.0000	2.1650	0.0000	0.0000	0.0000	0.0000	0.0000	1.3671	1.0094	0.0000	0.7492	0.0000	0.0000	0.0000	0.0000	1.8340	4.0858	0.0000	0.0000	0.0000	3.8420	1.7132	0.0000	2.5440	0.0000	0.0000	0.0000	0.0000
coasm_bin.400	Sphingobacteriales.53	2-12-FULL-35-15	0.3515	0.0000	0.0000	0.3728	0.0000	0.0000	0.0000	0.0000	0.3685	0.0000	0.0000	0.0000	0.0000	0.6535	0.0000	0.8718	0.0000	0.0000	0.0000	0.0000	0.0000	0.4439	0.5708	0.0000	0.9385	0.3540	0.3436	0.4616	0.3368	0.5448	0.0000	0.0000	0.0000	0.0000	0.0000	0.0000	0.0000	1.4271	0.0000	0.0000	0.0000	0.0000
coasm_bin.407	Ca_Pacebacteria.8	1-14-0-10-56-10	0.0000	0.0000	0.0000	0.1780	0.0000	0.0000	0.0000	0.0000	0.0000	0.0000	0.0000	0.0000	0.0000	0.0000	0.0000	0.0000	0.0000	0.0000	0.0000	0.0000	0.0000	0.0000	0.0000	0.0000	0.4827	0.0000	0.0000	0.0000	0.0000	0.0000	0.0000	0.0000	0.0000	0.0000	0.0000	0.0000	0.0000	0.0000	0.0000	0.0000	0.0000	0.0000
coasm_bin.409	Chitinophagaceae.18	CAIVPM01	0.0000	0.0000	0.0000	0.0000	0.0000	0.0000	0.0000	0.0000	0.0000	0.0000	0.0000	0.2106	0.0000	0.0770	0.0000	0.0627	0.0000	0.0000	0.0000	0.0000	0.0000	0.0849	0.0000	0.0000	0.0000	0.0000	0.0000	0.0000	0.0000	0.0000	0.0000	0.0000	0.0000	0.0000	0.0000	0.0000	0.0000	0.1957	0.0000	0.0000	0.0000	0.0000
coasm_bin.41	Dojkabacteria.2_m	JAMQHH01	0.0000	0.0000	0.0000	0.0000	0.0000	0.0000	0.0000	0.0000	0.0000	0.0000	0.0000	0.0000	0.0000	0.0000	0.0712	0.0000	0.0000	0.0000	0.0000	0.0000	0.0000	0.0000	0.0000	0.0000	0.1164	0.0000	0.0000	0.0000	0.0000	0.0000	0.0000	0.0000	0.0000	0.0000	0.0000	0.0000	0.0000	0.0000	0.0000	0.0000	0.0000	0.0000
coasm_bin.411	Aquimonas.1	Aquimonas	1.5713	0.0000	0.0000	0.0000	0.9802	0.7736	0.2823	0.0000	1.7462	0.0000	0.0000	0.0000	0.0000	0.0000	0.0000	0.5940	0.0000	0.0000	0.3333	0.0000	0.0000	0.0000	1.3316	0.3901	0.0000	0.4950	0.6962	0.7426	1.2481	1.6723	0.0000	0.0000	0.0000	0.0000	0.5984	0.2671	1.2068	1.4419	0.4182	0.3625	0.0000	0.0000
coasm_bin.414	Terrimicrobium.2	JACTMZ01	0.0000	0.0000	0.0000	0.0000	0.0000	0.0000	0.0000	0.0000	0.0000	0.0000	0.0400	0.5583	0.0000	0.1102	0.0000	0.6582	0.1528	0.0000	0.0000	0.0000	0.2633	0.0000	1.5230	0.0000	0.0000	0.3218	0.3713	0.3402	0.0000	0.4766	0.0000	0.0000	0.0000	0.0000	0.0000	0.0000	0.0000	0.3052	0.0000	0.0000	0.0000	0.0000
coasm_bin.417	Dokdonella.20	Dokdonella_A	1.4298	0.0000	0.0000	1.0807	0.0000	0.0000	0.0000	0.0000	0.6801	29.0232	0.0000	0.0000	0.0000	0.0000	10.8808	0.8627	0.0000	0.0000	0.5645	0.3159	0.0000	0.0000	0.2175	0.0000	0.0000	0.7526	0.5522	0.6220	0.9051	0.9241	0.6307	0.0000	0.0000	0.0000	0.7174	0.7718	0.2955	0.4538	0.8185	0.2530	0.0000	0.4402
coasm_bin.420	Mesorhizobium_I.1_m	Mesorhizobium_I	1.1575	0.0000	0.0000	1.3380	0.1962	0.0000	0.4983	0.4331	4.5435	0.0000	0.6623	0.6667	0.0000	0.3206	0.4699	1.6777	0.0000	0.0000	0.0000	0.0000	1.0817	0.3558	4.0030	0.2732	7.5653	1.3165	0.6974	0.8616	1.8739	0.8789	0.0000	0.3700	0.5533	0.0000	0.4644	0.0000	0.7490	0.3811	1.1963	0.0000	0.0000	1.5972
coasm_bin.423	Bryobacter.12	JACTMJ01	0.0000	0.0000	0.0000	0.0000	1.0144	0.0000	0.7691	0.0000	0.0000	0.0000	0.5114	0.5092	0.0000	1.5344	0.5045	0.6697	1.0497	0.0000	0.0000	0.0000	1.0208	0.0000	1.2314	0.0000	1.1678	0.0000	0.0000	0.0000	0.0000	0.0000	0.0000	0.0000	0.0000	1.3441	0.0000	0.9833	0.0000	0.0000	0.7388	0.0000	0.5534	0.0000
coasm_bin.425	Rhodothermaceae.3	BA12	0.0000	0.0000	0.0000	0.0000	0.0000	0.0000	0.0000	0.9096	3.6038	0.0000	4.9505	7.9470	0.0000	2.4001	0.0000	3.8892	5.9193	0.0000	0.0000	0.0000	4.7017	0.0000	7.2617	0.0000	0.0000	5.4304	2.5886	1.8494	5.3421	10.0092	0.0000	0.0000	0.0000	0.0000	0.0000	0.0000	0.0000	2.7784	4.0641	0.0000	0.0000	5.9285
coasm_bin.426	Phototrophicaceae.7_m	JALHNB01	0.0000	0.0000	0.0000	0.0000	0.0000	0.0000	0.0000	0.0000	1.5857	0.6972	0.8914	0.2371	0.0000	0.4137	0.0000	0.4773	0.0000	0.0000	0.0000	0.0000	0.0000	0.1997	0.3524	0.0000	8.8555	0.3279	0.6020	1.4213	0.0000	1.0716	0.0000	0.0000	0.0000	0.2922	0.0000	0.0000	0.0000	3.1409	2.1361	0.0000	0.5846	0.0000
coasm_bin.437	Mesorhizobium_G.1_m	Mesorhizobium_G	0.2576	0.0000	0.0000	0.1596	0.0000	0.0000	0.0000	0.0000	2.8747	0.3759	0.3103	0.1887	0.0000	0.2955	0.2292	1.6805	0.0000	0.0000	0.0000	0.0000	0.2661	0.0000	0.7306	0.9759	2.6327	0.1580	0.4619	0.1155	0.3062	0.4327	0.0000	0.0000	0.0000	0.0000	0.8898	0.0000	0.0000	0.0525	0.1574	0.0000	0.0000	0.4118
coasm_bin.441	Ignavibacterium.2	UTCHB3	0.0000	0.0000	0.0000	0.0000	0.0000	0.0000	0.0000	0.3869	0.2719	0.0000	0.4877	0.8664	0.0000	1.1899	0.8552	0.2297	0.5654	0.0000	0.0000	0.2423	1.3565	0.4892	0.8131	0.0000	0.0000	0.4602	0.4641	0.5131	0.4411	0.7049	0.0000	0.0000	0.0000	0.3886	0.0000	0.0000	0.0000	1.2238	0.0000	0.0000	0.5480	0.0000
coasm_bin.447	Dojkabacteria.3_m		0.0000	0.0000	0.0000	0.0000	0.0000	0.0000	0.0000	0.0000	0.0000	0.0000	0.0894	0.0000	0.0000	0.0000	0.0000	0.0000	0.0000	0.0000	0.0000	0.0000	0.0000	0.0000	0.0000	0.0000	0.0000	0.0000	0.0000	0.0000	0.0000	0.0000	0.0000	0.0000	0.0000	0.0000	0.0000	0.0000	0.0000	0.0000	0.0000	0.0000	0.0000	0.0000
coasm_bin.448	Ca_Villigracilis.4	Villigracilis	0.0000	0.0000	0.8320	5.3826	1.7957	1.6882	0.8093	0.0000	3.3646	0.0000	0.7950	2.8676	0.0000	0.9178	0.0000	1.9077	0.0000	0.0000	0.0000	1.2836	1.1202	4.8854	1.3604	0.0000	14.2878	4.8611	2.8748	3.4346	1.0875	6.8750	0.0000	0.0000	0.0000	1.9219	0.0000	0.0000	0.0000	5.2824	3.2759	0.0000	1.8543	0.0000
coasm_bin.449	Thermomonas.2	Thermomonas	0.3811	0.0000	0.0000	0.0000	0.0000	0.0000	0.0000	0.0000	0.4796	0.0000	0.0000	0.0000	0.0000	0.0000	0.0000	0.3652	0.0000	0.0000	0.2257	0.0000	0.0000	0.0000	0.2781	0.1266	0.0000	0.4023	0.5046	0.4525	0.5493	0.3174	0.0000	0.0000	0.0000	0.0000	0.1420	0.2099	0.2581	0.4729	0.8355	0.1042	0.0000	0.4137
coasm_bin.466	Ignavibacteria.1_m	OLB5	0.0000	0.0000	0.0000	0.0000	0.0000	0.0000	0.0000	0.5512	2.4346	0.0000	0.5104	0.9932	0.0000	0.6034	0.0000	0.4281	0.0000	0.0000	0.0000	0.0000	0.7363	1.0203	0.6943	0.0000	2.4755	1.4894	0.0000	0.0000	0.7030	3.1532	0.0000	0.0000	0.0000	8.0909	0.0000	0.0000	0.0000	0.0000	0.0000	0.0000	1.2776	1.7760
coasm_bin.468	Chthoniobacteraceae.3	JACTMZ01	0.0000	0.0000	0.2263	0.5747	0.0000	0.0000	0.0000	0.2833	0.0000	0.0000	0.3176	1.1642	0.0000	0.4177	0.0000	0.2490	0.1731	0.0000	0.0000	0.0000	0.3642	0.0000	0.9611	0.0000	0.2578	0.5632	0.5106	0.6695	2.0188	1.0135	0.0000	0.0000	0.0000	0.0000	0.4722	0.0000	0.0000	0.4301	0.0000	4.8687	0.0000	0.0000
coasm_bin.469	Pseudofulvimonas.1_m	Pseudofulvimonas	0.5946	0.0000	0.0000	0.0000	0.0000	0.0000	0.0000	0.0000	0.3721	0.0000	0.0000	0.0000	0.3444	0.0000	0.0000	0.1037	0.0000	0.0000	0.2187	0.2745	0.0000	0.0000	0.1097	0.0000	0.0000	0.0000	0.0000	0.0000	0.0000	0.2055	0.0000	0.0000	0.0000	0.0000	0.1788	0.0000	0.1870	0.9556	0.1889	0.0000	0.0000	0.0000
coasm_bin.47	Anaerolineaceae.3	UBA6663	0.0000	0.0000	0.7919	1.3795	0.0000	0.0000	0.0000	0.4368	3.2713	0.0000	0.8001	1.6394	0.8769	0.8175	1.1888	0.4999	0.2101	0.0000	0.0000	0.0000	0.2615	1.6407	4.5110	0.0000	13.8073	0.3664	0.2942	0.8130	1.5201	0.6166	3.2528	0.0000	0.0000	0.5853	0.0000	0.0000	0.0000	2.5711	1.7504	0.3679	0.9773	0.0000
coasm_bin.471	Lysobacter_B.2_m	Lysobacter_B	1.2985	0.0000	0.0000	0.0000	0.0000	0.0000	0.0000	0.0000	0.4567	0.5013	0.0000	0.0000	0.0000	0.0000	2.0285	0.1667	0.0000	0.0000	0.3704	0.0000	0.0000	0.0000	0.1668	0.2194	0.0000	1.3576	0.5063	0.5975	0.4702	1.0095	0.0000	0.0000	0.0000	0.0000	0.3263	0.1701	0.3315	0.2408	0.4005	0.1146	0.0000	0.6073
coasm_bin.473	Anaerolinea.13	Anaerolinea	0.0000	0.0000	0.4827	0.1569	0.0000	0.0000	0.0000	0.0000	2.2614	0.0000	0.1714	0.0000	0.1682	0.6719	0.0000	0.3206	0.1267	0.0000	0.6995	0.5720	0.2106	0.2106	0.1594	0.0000	2.8847	1.2773	0.9612	0.7906	0.7689	0.9739	0.0000	0.0000	0.0000	0.2374	0.0000	0.0000	0.0000	0.0000	0.0000	0.4189	1.1808	0.2965
coasm_bin.476	Accumulibacter.3_m	Accumulibacter	0.0000	0.8411	1.3430	0.0000	0.0000	0.0000	0.0000	0.0000	0.6034	0.0000	0.6526	0.0000	0.0000	0.7167	0.9704	0.0000	1.5711	0.0000	0.0000	0.0000	0.0000	0.0000	4.7993	0.0000	0.0000	0.7201	0.7432	0.7115	1.1197	1.7008	0.0000	0.0000	0.0000	0.0000	5.1027	0.0000	0.0000	0.0000	0.0000	133.3437	0.0000	1.7550
coasm_bin.479	Zambryskibacteraceae.1_m		0.0000	0.0000	0.0000	0.0000	0.0000	0.0000	0.0000	0.0000	0.0000	0.0000	0.0000	0.0000	0.0000	0.0000	0.0000	0.0000	0.0000	0.0000	0.0000	0.0000	0.0000	0.0000	0.0000	0.0000	0.0818	0.0000	0.0000	0.0000	0.0000	0.0000	0.0000	0.0000	0.0000	0.0000	0.0000	0.0000	0.0000	0.0000	0.0000	0.0000	0.0000	0.0000
coasm_bin.481	Ca_Leptovillus.9	Leptovillus	0.0000	0.0000	44.0678	145.8596	0.0000	0.0000	0.0000	89.7082	130.5216	0.0000	21.7825	35.5796	123.1646	37.5413	17.4365	51.6219	28.4018	0.0000	0.0000	0.0000	0.0000	17.9866	13.2257	23.2708	340.2336	109.2850	57.3874	38.8822	129.6887	126.3837	20.5670	0.0000	0.0000	17.1608	15.6672	0.0000	0.0000	34.7960	63.1394	0.0000	19.5256	30.8396
coasm_bin.482	Ignavibacteriaceae.3_m	BA9	0.0000	0.0000	0.0000	0.0000	0.0000	0.0000	0.0000	2.5029	0.7182	0.0000	2.1462	0.9663	2.5957	2.2283	2.5755	0.8062	3.1548	0.0000	0.0000	2.3472	4.6014	0.8128	3.6870	0.0000	0.0000	2.1912	0.4796	0.8609	1.1610	1.8950	0.0000	0.0000	0.0000	7.8173	0.0000	0.0000	0.0000	4.5216	0.0000	0.0000	0.6427	0.0000
coasm_bin.484	Rhodoplanes.1	SCUB01	1.0326	2.2904	0.0000	0.0000	0.0000	0.0000	6.2962	1.6598	7.5838	0.0000	2.1490	1.4481	0.0000	4.9650	0.0000	1.1163	0.0000	0.0000	0.0000	0.0000	4.1398	3.1391	4.2924	0.8633	1.2068	1.2235	1.2857	1.1958	1.5975	1.2923	0.0000	3.3510	0.9000	0.0000	2.1776	0.0000	1.2544	1.4616	1.6233	3.6807	0.0000	0.9237
coasm_bin.485	Pseudofulvimonas.1	Pseudofulvimonas	0.8507	0.0000	0.0000	0.0000	0.0000	0.0000	0.0000	0.0000	0.6959	0.4470	0.0000	0.0000	0.0000	0.0000	0.3752	0.3607	0.0000	0.0000	0.3972	0.0000	0.0000	0.0000	0.7610	0.0000	0.0000	0.9291	0.4914	0.5918	0.6306	2.3923	0.0000	0.4456	0.6896	0.0000	0.5491	0.5753	0.6896	0.5646	0.5489	0.5792	0.0000	0.0000
coasm_bin.489	Tenuifilaceae.1_m	UBA2287	0.0000	0.0000	0.0000	0.9780	0.0000	0.0000	0.0000	0.0000	1.6378	2.6066	0.9343	0.0000	0.0000	1.2412	2.3273	1.1922	0.0000	0.0000	0.0000	0.0000	1.3003	0.0000	0.0000	0.0000	1.8300	0.0000	0.0000	0.0000	0.0000	0.0000	0.0000	0.0000	0.0000	1.4817	0.0000	0.0000	0.0000	9.4830	0.0000	0.0000	0.7451	1.2176
coasm_bin.492	Flavitalea.4	JJ008	0.2204	0.0000	0.0000	0.0000	0.0000	0.0000	0.0000	1.3662	0.4394	0.0000	1.4481	0.4459	0.0000	0.5962	0.0000	1.2085	0.0000	0.0000	0.0000	0.0000	0.5866	0.7384	0.5053	0.0000	0.2396	0.0000	0.0000	0.0000	0.0000	0.2089	0.0000	0.0000	0.0000	0.0000	0.0000	0.0000	0.0000	0.5783	0.0000	0.0000	0.0000	0.0000
coasm_bin.495	Fimbriimonadaceae.1_m		0.0000	0.0000	0.0000	0.0000	0.0000	0.0000	0.0000	0.0000	0.1234	0.0000	0.4652	0.0000	0.4653	0.1043	0.0000	0.8107	0.0000	0.0000	0.0000	0.0000	0.1896	0.0000	1.5798	0.0000	0.1233	0.2202	0.1458	0.1023	0.0383	0.1827	0.0000	0.0000	0.0000	0.0000	0.0000	0.0000	0.0000	0.1149	0.0000	0.0000	0.0000	0.0000
coasm_bin.496	Dokdonella.10	Dokdonella	0.0000	0.0000	0.0000	0.2963	0.0000	0.0000	0.0000	0.0000	0.8287	0.2404	0.0000	0.0000	0.0000	0.0000	0.2750	0.5787	0.0000	0.0000	0.2209	0.0000	0.0000	0.0000	1.4481	0.4446	0.0000	0.2914	0.3862	0.3204	0.3492	1.5283	0.0000	0.0000	0.0000	0.0000	0.0000	0.3539	0.0000	0.3805	0.5915	0.0000	0.0000	0.0000
coasm_bin.497	Amaricoccus.3	Amaricoccus	0.6508	0.3021	1.5516	1.1663	0.0000	0.0000	0.0000	0.8489	2.7052	0.7608	0.3811	0.6221	0.0000	0.2553	0.3694	0.3265	1.3165	0.0000	0.0000	0.0000	0.6979	0.0000	2.7071	0.2834	2.4477	1.7951	0.9902	1.4002	0.9511	2.4662	0.8158	0.0000	0.0000	0.0000	1.7232	0.5091	1.9778	0.5263	0.5888	0.0000	0.0000	4.4562
coasm_bin.499	Dojkabacteria.4_m	JAMQHH01	0.0000	0.0000	0.0000	0.0000	0.0000	0.0000	0.0000	0.0000	0.0000	0.0000	0.0000	0.0000	0.0000	0.0000	0.2265	0.0000	0.0000	0.0000	0.0000	0.0000	0.0000	0.0000	0.0000	0.0000	0.9799	0.0000	0.0000	0.0000	0.0000	0.0000	0.0000	0.0000	0.0000	0.0000	0.0000	0.0000	0.0000	0.0000	0.0000	0.0000	0.0000	0.0000
coasm_bin.502	Pseudoxanthomonas_B.1_m	Pseudoxanthomonas_B	0.2345	0.0000	0.0000	0.2270	0.0000	0.0000	0.0000	0.0000	0.3562	0.2175	0.0000	0.0000	0.0000	0.0000	0.2006	0.1138	0.0000	0.0000	0.0000	0.0000	0.0000	0.0000	0.1668	0.0000	0.0000	0.3569	0.1782	0.2986	0.1833	0.2256	0.0000	0.0000	0.0000	0.0000	0.1825	1.0388	0.0000	0.0968	0.2204	0.0000	0.0000	0.3488
coasm_bin.51	Hydrogenophaga.1	Hydrogenophaga	1.3539	2.2598	1.8380	0.0000	1.8383	1.2303	0.7793	0.4860	6.5534	0.0000	0.3502	0.5041	0.0000	0.4969	0.0000	3.2102	0.4966	0.0000	0.0000	0.0000	2.4783	0.0000	4.3088	0.5939	2.0490	1.4810	1.0654	1.3418	1.7947	0.6735	0.8826	0.0000	0.0000	0.0000	0.6172	1.4695	0.3491	0.8741	1.5022	2.4135	0.0000	0.9051
coasm_bin.512	Phototrophicaceae.8_m	GCA-2794515	0.0000	0.0000	0.0000	1.1113	0.0000	0.0000	0.0000	0.0000	1.3944	0.0000	0.7190	0.0000	0.0000	1.1094	0.0000	0.5904	0.3694	0.0000	0.0000	0.0000	0.8371	1.6098	0.4463	0.0000	5.4840	0.9757	0.7187	1.4720	0.0000	1.4781	0.0000	0.0000	0.0000	1.1775	0.0000	0.0000	0.0000	0.5057	1.2834	0.0000	0.9534	0.0000
coasm_bin.514	Mesorhizobium.15	Mesorhizobium_G	0.0000	0.0000	0.0000	0.5132	0.2380	0.1187	0.1835	0.1308	0.5947	0.2935	0.1060	0.0797	0.0000	0.0000	0.2767	0.1838	0.0000	0.0000	0.0000	0.0000	0.3067	1.1137	0.4047	0.1478	2.0294	0.1649	0.2093	0.1194	0.4275	0.1680	0.0000	0.0000	0.0000	0.0000	2.4072	0.0000	0.3210	0.2406	0.1841	0.0000	0.0000	0.7264
coasm_bin.518	Elusimicrobia.3	JADKHR01	0.0000	0.0000	0.0000	0.0000	0.0000	0.0000	0.0000	0.0000	0.0000	0.0000	2.9175	0.7538	1.2762	0.7534	0.0000	1.6936	0.6794	0.0000	0.0000	0.0000	0.0000	0.0000	0.0000	0.0000	2.1119	5.6071	3.2716	3.2410	1.1445	5.1251	1.5581	0.0000	0.0000	1.3184	0.0000	4.5407	0.0000	0.0000	4.4460	0.0000	1.5617	0.0000
coasm_bin.519	Flexifilum.2_m	Flexifilum	0.0000	0.0000	0.0000	1.7545	0.0000	0.0000	0.0000	0.0000	0.9875	0.0000	0.6173	0.3998	0.0000	1.1190	0.0000	0.6162	0.0000	0.0000	0.0000	0.0000	0.6224	1.2588	0.7014	0.0000	18.8934	0.4767	1.2653	2.1580	0.0000	1.6481	1.1668	0.0000	0.0000	0.0000	0.0000	1.0007	0.0000	2.1988	1.6796	1.1984	0.0000	0.3287
coasm_bin.521	Kapaibacteriales.1_m	PGYR01	0.3513	0.0000	0.0000	1.0486	0.0000	0.0000	0.0000	0.4279	0.6006	0.0000	0.0000	0.0000	0.0000	1.7363	0.0000	1.1037	0.0000	0.0000	0.0000	0.0000	0.9214	0.0000	0.8351	0.0000	0.0000	0.0000	0.0000	0.0000	0.0000	2.4525	0.6962	0.0000	0.0000	0.0000	0.0000	0.3565	0.0000	0.3058	1.1821	0.0000	0.0000	1.4995
coasm_bin.529	Azonexus.2_m	Azonexus	0.8486	2.8757	0.3204	0.0000	0.0000	0.0000	0.0000	0.4852	6.5021	0.0000	0.2030	1.5028	0.1869	0.4460	0.2590	3.1546	0.0000	0.0000	0.0000	0.0000	0.3172	0.0000	0.6475	1.5333	0.0000	0.6926	1.5808	1.2894	0.5691	1.2810	0.4051	0.1469	0.6360	0.0000	1.3533	0.2366	0.0000	0.4779	0.4347	1.2295	0.0000	1.1260
coasm_bin.53	Saprospiraceae.13	OLB9	0.0000	0.0000	0.0000	1.9043	3.4135	0.7758	1.9898	1.2918	1.6557	0.0000	4.9995	7.3160	0.0000	6.3376	0.0000	3.4996	0.0000	0.0000	0.0000	0.0000	3.7577	0.0000	0.9861	0.0000	11.6784	3.6796	2.4584	2.5728	6.6372	6.2937	1.9459	0.0000	0.0000	0.0000	0.0000	3.0487	0.0000	6.9847	0.0000	0.0000	0.0000	0.0000
coasm_bin.532	Paceibacteria.4_m	JALHNF01	0.0000	0.0000	0.0000	0.7490	0.0000	0.0000	0.0000	0.0000	0.0000	0.0000	0.0000	0.0000	0.0000	0.0000	0.0000	0.0000	0.0000	0.0000	0.0000	0.0000	0.0000	0.0000	0.0000	0.0000	0.2144	0.0000	0.0000	0.0000	0.0000	0.0000	0.0000	0.0000	0.0000	0.0000	0.0000	0.0000	0.0000	0.0000	0.0000	0.0000	0.0000	0.0000
coasm_bin.535	Novosphingobium.2	Novosphingobium	0.3589	0.0000	0.0000	0.0000	0.2208	0.4268	0.7802	0.0000	6.6212	0.0000	0.0000	0.0000	0.0000	0.0000	0.0000	0.0000	0.0000	0.0000	0.0000	0.0000	1.8389	0.0000	0.4307	1.0956	0.7802	0.6359	3.4682	0.4326	0.2858	0.6741	0.0000	0.0000	0.0000	0.0000	3.3004	0.0000	0.6972	0.5441	0.6365	0.0000	0.0000	3.4688
coasm_bin.538	Defluviicoccus.4	Defluviicoccus	0.6910	0.0000	0.0000	0.0000	0.0000	0.0000	0.0000	0.5453	0.6189	0.8192	0.3392	4.0363	0.0000	0.2444	0.8776	0.2727	1.2552	0.0000	0.0000	0.0000	0.8463	0.0000	6.3215	1.6185	1.3983	1.0607	2.5905	0.8284	0.9938	3.3408	0.5430	0.0000	0.0000	0.0000	1.7395	0.3225	0.9376	1.9054	1.9352	2.3986	0.0000	0.0000
coasm_bin.539	Flavobacterium.25	Flavobacterium	0.0000	0.0000	0.0000	0.0000	0.0000	0.0000	0.0000	2.1722	1.9545	0.0000	0.0000	2.0187	0.0000	5.0586	0.0000	1.0125	0.0000	0.0000	0.0000	0.0000	8.4486	0.0000	2.6963	0.9905	0.9203	0.0000	0.0000	0.0000	0.0000	0.0000	0.0000	0.0000	0.0000	0.0000	0.0000	1.5649	0.0000	6.2390	0.0000	0.0000	0.0000	0.0000
coasm_bin.54	Phycisphaeraceae.34	UBA2396	0.0000	0.0000	0.0000	0.0000	0.0000	0.0000	0.0000	0.3767	0.4706	0.0000	0.0000	0.0000	0.0000	0.0000	0.0000	0.4333	0.0000	0.0000	0.0000	0.4853	0.6254	0.0000	0.6979	0.0000	0.0000	0.5257	0.2103	0.2904	0.7161	0.4119	0.3527	0.0000	0.0000	0.4665	0.0000	0.0000	0.0000	0.0000	0.0000	0.0000	0.4375	0.0000
coasm_bin.540	Pseudohoeflea.1_m	Pseudohoeflea	0.5679	0.0000	0.0000	0.1303	0.0000	0.0000	0.0000	0.0000	3.3761	2.8078	1.9486	0.4472	0.0000	0.2800	1.1872	0.2849	0.0000	0.0000	0.0000	0.0000	0.3254	0.0000	0.8141	0.2151	13.6004	0.3394	0.1041	0.6236	0.4525	0.1646	0.0576	1.0511	0.6389	0.0000	0.3448	0.6136	4.2747	0.7306	0.5037	0.7802	0.0000	0.6219
coasm_bin.542	Phycisphaeraceae.32		0.0000	0.0000	1.0696	0.0000	0.0000	0.0000	0.0000	0.0000	3.2028	0.0000	0.7879	2.8199	1.2385	0.0000	0.0000	1.3820	0.0000	0.0000	0.0000	0.6222	1.8345	0.7113	0.8860	0.0000	2.0147	0.4141	0.7375	1.0186	2.2370	0.8617	0.0000	0.0000	0.0000	1.5607	0.0000	0.0000	0.0000	1.3744	0.9927	0.0000	3.1203	0.0000
coasm_bin.543	Anaerolineae.2	Fen-1058	0.0000	0.0000	0.0000	14.5120	0.0000	0.0000	0.0000	10.8773	20.7031	0.0000	9.4325	0.0000	5.8510	7.1588	0.0000	4.4676	4.8271	0.0000	0.0000	0.0000	0.0000	3.8170	9.2383	0.0000	21.8031	19.6316	11.4502	15.3675	11.2670	13.7837	2.5544	0.0000	0.0000	5.5734	0.0000	0.0000	0.0000	12.5513	14.7537	0.0000	9.9438	5.7553
coasm_bin.547	Ca_Bealeia.3		0.0000	0.0000	0.0000	0.0000	0.0000	0.0000	0.0000	0.0000	0.0000	0.0000	0.0000	0.0000	0.0000	0.1158	0.0000	0.0000	0.0000	0.0000	0.0000	0.0000	0.0000	0.0000	0.0000	0.0000	0.0000	0.1127	0.0000	0.0547	0.1623	0.1305	0.0000	0.0000	0.0000	0.0000	0.0543	0.0000	0.2194	0.0000	0.0000	0.0000	0.0000	0.0000
coasm_bin.548	Phnomibacter.1_m	Phnomibacter	0.0000	0.0000	0.0000	0.0000	0.0000	0.0000	0.0000	0.2069	0.6044	0.0000	0.1174	0.9815	0.0000	0.2370	0.1137	0.1426	0.0000	0.0000	0.0000	0.0000	0.0000	0.1379	0.1437	0.0000	0.0000	0.0000	0.0000	0.0000	0.0000	0.3978	0.0000	0.0000	0.0000	0.0000	0.0000	0.0000	0.0000	1.5058	0.0000	0.0000	0.0000	0.0000
coasm_bin.55	Ca_Competibacter.51	Competibacter	15.7020	17.4913	22.2703	0.0000	12.5837	9.7563	14.6070	15.5532	44.7392	16.6534	10.8476	57.6781	0.0000	8.7136	11.0872	52.5853	92.1191	0.0000	0.0000	11.7972	100.0123	6.8193	25.0416	10.6004	0.0000	40.9331	21.7218	21.0007	30.9061	31.2648	16.9337	0.0000	0.0000	0.0000	23.4719	77.1365	0.0000	51.5807	108.1866	19.0223	0.0000	0.0000
coasm_bin.551	Cyclobacteriaceae.2_m	UBA2336	0.0000	0.0000	0.0000	0.0000	0.0000	0.0000	0.0000	1.0768	0.6555	0.0000	2.1873	0.6943	0.0000	0.8003	0.0000	0.6940	0.0000	0.0000	0.0000	0.0000	5.3098	0.0000	0.3547	0.0000	0.0000	0.0000	0.0000	0.0000	0.0000	0.0000	0.0000	0.0000	0.0000	0.0000	0.0000	0.0000	0.0000	3.5572	0.0000	0.0000	0.0000	0.0000
coasm_bin.555	Mesorhizobium.9	DUSC01	6.4618	0.0000	0.0000	0.7828	0.5635	0.8045	0.4496	1.2916	6.9465	0.0000	1.1057	0.8920	0.0000	0.4259	0.0000	0.7348	0.3694	0.0000	0.0000	0.0000	1.3518	0.0000	4.1598	1.0082	7.1683	1.4665	2.0113	2.2305	2.4797	0.5387	0.0000	0.0000	0.0000	0.0000	1.3838	0.0000	0.4695	0.6979	0.4926	0.0000	0.0000	1.3108
coasm_bin.556	Myxococcaceae.6	JACRCT01	0.6719	1.3242	0.0000	0.0000	0.0000	0.0000	0.0000	0.0000	5.0744	0.0000	0.7061	0.6973	0.0000	2.2287	0.0000	1.0344	0.4393	0.0000	0.0000	0.0000	1.0290	1.0290	0.0000	0.0000	3.4178	1.3739	0.7562	1.2160	1.4224	2.2593	0.0000	0.0000	0.0000	1.0861	1.5774	0.0000	0.0000	4.6432	3.3700	0.0000	1.8325	0.8093
coasm_bin.558	Chiayiivirga.3_m	Chiayiivirga	0.1759	0.0000	0.0000	0.3432	0.0000	0.0000	0.0000	0.0000	0.3302	1.3800	0.0000	0.0000	0.0000	0.0000	7.6665	0.0863	0.0000	0.0000	0.2047	0.0000	0.0000	0.0000	0.1562	0.1041	0.0000	0.0000	0.0000	0.0000	0.0000	0.1102	0.0000	0.0000	0.0000	0.0000	0.1224	0.0953	0.1512	0.1284	0.1259	0.0704	0.0000	0.0000
coasm_bin.561	Ca_Pacebacteria.2		0.0000	0.0000	0.0000	0.1445	0.0000	0.0000	0.0000	0.0000	0.0000	0.0000	0.1617	0.0000	0.0000	0.0000	0.0000	0.0000	0.0000	0.0000	0.0000	0.0000	0.0000	0.0000	0.0000	0.0000	0.2279	0.0000	0.0000	0.0000	0.0000	0.0000	0.0000	0.0000	0.0000	0.0000	0.0000	0.0000	0.0000	0.2196	0.0000	0.0000	0.0000	0.0000
coasm_bin.563	Hydrogenophaga.6	Hydrogenophaga	0.6248	0.9959	0.5959	0.0000	0.0000	0.0000	0.0000	0.0000	2.6564	0.0000	0.4482	0.7388	0.0000	0.5172	0.0000	1.2225	0.4438	0.0000	0.0000	0.0000	0.7172	0.0000	1.2859	0.5939	0.4083	0.6329	0.5457	0.5818	0.7405	0.7314	0.4549	0.0000	0.0000	0.0000	1.3525	0.9444	1.7439	0.7684	0.7736	0.4929	0.0000	0.9998
coasm_bin.572	Villigracilaceae.2_m	UBA8950	0.0000	0.2802	0.6582	1.5947	0.3351	0.0000	0.3351	0.0000	1.3264	0.0000	0.0000	0.0000	0.3098	0.2199	0.0000	0.1440	0.4470	0.0000	0.0000	0.0000	0.1577	0.3128	0.3017	0.0000	1.2767	1.0788	0.3524	1.2652	0.5126	0.3165	0.0000	0.0000	0.0000	0.3713	0.0000	0.0000	0.0000	0.7328	0.0000	2.1157	0.1627	0.0000
coasm_bin.578	Terrimicrobium.3	QYQL01	0.0000	0.0000	0.0000	0.3605	0.0000	0.0000	0.0000	1.0757	2.1809	0.0000	0.3525	0.0000	0.0000	1.6862	0.3382	0.7577	0.2127	0.0000	0.0000	0.0000	1.2068	0.0000	1.3217	0.0000	0.4039	0.6508	0.2654	0.3804	0.6669	2.5168	0.0000	0.2219	0.0000	0.0000	0.0000	0.0000	0.0000	1.1561	0.7007	0.0000	0.0000	0.0000
coasm_bin.579	Flavobacteriales.7	PHOS-HE28	1.8665	0.0000	5.6941	2.4206	0.0000	0.0000	0.0000	2.4678	1.8915	0.0000	0.0000	0.0000	0.0000	1.3186	0.0000	3.6408	0.0000	0.0000	0.0000	0.0000	0.9012	0.0000	5.8240	0.0000	0.0000	0.0000	0.0000	0.0000	0.0000	0.0000	1.1783	0.0000	0.0000	0.0000	0.0000	4.2853	0.0000	10.2879	0.0000	0.0000	0.0000	2.1150
coasm_bin.60	Blastopirellula.1	M30B19	0.0000	0.0000	0.2613	0.0000	0.0000	0.0000	0.0000	0.0000	0.4959	0.0000	0.1489	1.0032	0.0823	0.1554	0.9815	0.2139	0.1427	0.0000	0.7363	0.2187	0.0000	0.0000	1.7687	0.0000	0.3546	0.3682	0.2860	0.3304	0.3682	0.3405	0.0000	0.0000	0.0000	0.3570	0.0000	0.0000	0.0000	0.2101	0.1737	0.0000	0.1574	0.0000
coasm_bin.61	Chitinophagaceae.14	UBA1930	0.0000	0.0000	0.0000	0.0000	0.0000	0.0000	0.0000	0.5946	0.6913	0.0000	0.3148	0.8583	0.0000	0.9411	0.2422	0.6866	0.0000	0.0000	0.0000	0.0000	0.0000	0.5594	0.2823	0.0000	0.1049	0.0000	0.0000	0.0000	0.0000	0.6669	0.0000	0.0000	0.0000	0.0000	0.0000	0.0000	0.0000	1.3168	0.0000	0.0000	0.0000	0.0000
coasm_bin.70	Cephaloticoccus.1	UBA2377	0.0000	0.0000	0.0000	2.1722	0.0000	0.0000	0.0000	0.0000	0.9294	0.0000	0.6499	1.6607	0.0000	1.1927	0.9938	0.0000	0.0000	0.0000	0.9633	0.9874	1.3416	0.0000	2.3393	0.0000	2.5000	0.8113	0.9152	0.6508	1.1180	0.5848	0.0000	0.0000	0.0000	2.3158	0.0000	0.0000	0.0000	0.0000	2.2732	0.0000	3.4711	2.5250
coasm_bin.74	Bacteroidales.2_m	JALNZU01	0.0000	0.0000	0.0000	1.6037	0.0000	0.0000	0.0000	0.0000	0.9394	0.8806	0.4157	0.8158	0.6097	0.6235	0.6382	0.5298	0.0000	0.0000	0.0000	0.0000	1.8298	0.0000	0.4461	0.0000	1.6993	0.0000	0.0000	0.0000	0.0000	0.5723	0.9228	0.0000	0.0000	1.0322	0.0000	1.5344	0.0000	3.3979	0.0000	0.0000	0.9991	0.4517
coasm_bin.75	Xanthomonadaceae.3		0.0000	0.0000	0.0000	0.0000	0.0000	0.0000	0.0000	0.0000	0.7982	0.0000	0.0000	0.0000	0.0000	0.0000	0.0000	0.3234	0.0000	0.0000	0.4337	0.0000	0.0000	0.0000	0.4147	0.0000	0.0000	0.5900	0.5739	0.5629	0.5260	0.5000	0.0000	0.0000	0.0000	0.0000	0.0000	0.4071	0.0000	0.4881	0.8500	0.1957	0.0000	0.1967
coasm_bin.82	Micavibrionaceae.3_m	UBA1573	0.4189	0.0000	0.0000	0.0000	0.1340	0.2099	0.2846	0.0000	0.2027	0.3713	0.0000	0.0000	0.0000	0.0000	0.3026	0.0000	0.0000	0.0000	0.0000	0.0000	0.0000	0.0000	0.6100	0.0000	0.8435	0.0000	0.0000	0.0000	0.0000	0.0000	0.0000	0.0000	0.0000	0.0000	0.5809	0.0000	0.2037	0.0000	0.0000	0.0000	0.0000	0.0000
coasm_bin.84	Chlorobium.1	Chlorobium	0.0000	0.0000	0.0000	0.0000	0.0000	0.0000	0.0000	0.0000	0.0000	0.0000	0.0924	0.0000	0.0000	0.0421	0.0000	0.0812	0.0000	0.0000	0.0000	0.0000	0.0000	0.0000	0.0762	0.0000	0.5266	0.4168	0.1267	0.2197	0.4137	0.2588	0.0000	0.0000	0.0000	0.0000	0.0000	0.0000	0.0000	0.1327	0.0000	0.0000	0.0000	0.0000
coasm_bin.85	Aquimonas.5	Aquimonas	0.3518	0.0000	0.0000	0.0000	0.0000	0.0000	0.0000	0.0000	0.3132	0.0000	0.0000	0.0000	0.0000	0.1833	0.0000	0.1149	0.7414	0.0000	0.2315	0.0000	0.0000	0.0000	0.4114	0.1258	0.0000	0.1123	0.0985	0.0940	0.1833	0.2390	0.0000	0.0000	0.0000	0.0000	0.1836	0.1626	0.1700	0.0944	0.1673	0.1062	0.0000	0.2044
coasm_bin.86	Lacipirellulaceae.1_m	GCA-2702655	0.4446	0.0000	0.7671	0.0000	0.0000	0.0000	0.0000	0.0000	0.6566	0.0000	0.3589	0.6758	0.1324	0.5099	0.1445	0.7791	0.4530	0.0000	0.0000	0.0000	1.3216	0.0000	0.4583	0.0000	0.6730	0.3754	0.4218	0.3191	0.4546	0.2306	0.0000	0.0000	0.0000	0.2244	0.3593	0.0000	0.0000	0.1701	0.4023	0.0000	0.2007	0.0000
coasm_bin.88	Defluviicoccus.13	Defluviicoccus	1.2521	0.5616	0.0000	0.0000	0.0000	0.0000	0.0000	0.0000	0.9977	0.4848	0.6992	2.7336	0.0000	0.9925	0.4718	1.3043	1.1743	0.0000	0.0000	0.0000	2.2327	0.0000	4.3000	0.4467	0.8045	1.5906	1.6629	1.5936	0.7469	4.2336	0.0000	0.0000	0.0000	0.0000	2.0615	0.2797	0.8536	0.3767	1.5783	0.0000	0.0000	0.0000
coasm_bin.92	Anaerolineaceae.2_m	Ch132	0.0000	0.0000	0.3323	0.0000	0.0000	0.0000	0.0000	0.0000	0.1745	0.0000	0.0000	0.0000	0.0000	0.2617	0.0000	0.0000	0.0000	0.0000	0.0000	0.0000	0.2586	0.2586	0.0000	0.0000	0.6149	1.0914	1.0017	1.9552	0.3845	1.4325	0.0000	0.0000	0.0000	0.3472	0.0000	0.0000	0.0000	0.2921	1.1013	0.0000	0.4276	0.0000
coasm_bin.93	Micropepsaceae.1	JADZAI01	0.7462	0.0000	0.0000	0.0000	0.0000	0.0000	0.0000	0.0000	6.2376	0.0000	0.0000	0.0000	0.0000	0.0000	0.0000	0.5671	0.0000	0.0000	0.0000	0.0000	2.1145	0.0000	0.4933	0.0000	3.2753	0.9433	0.3381	0.7515	0.9997	0.6090	0.0000	0.0000	0.0000	0.0000	2.3185	0.0000	0.7925	0.7073	1.0472	0.0000	0.0000	0.3629
